http://www.alexa.com/siteinfo/google.com,google.com
http://www.alexa.com/siteinfo/facebook.com,facebook.com
http://www.alexa.com/siteinfo/youtube.com,youtube.com
http://www.alexa.com/siteinfo/yahoo.com,yahoo.com
http://www.alexa.com/siteinfo/baidu.com,baidu.com
http://www.alexa.com/siteinfo/wikipedia.org,wikipedia.org
http://www.alexa.com/siteinfo/qq.com,qq.com
http://www.alexa.com/siteinfo/linkedin.com,linkedin.com
http://www.alexa.com/siteinfo/live.com,live.com
http://www.alexa.com/siteinfo/twitter.com,twitter.com
http://www.alexa.com/siteinfo/amazon.com,amazon.com
http://www.alexa.com/siteinfo/taobao.com,taobao.com
http://www.alexa.com/siteinfo/blogspot.com,blogspot.com
http://www.alexa.com/siteinfo/google.co.in,google.co.in
http://www.alexa.com/siteinfo/sina.com.cn,sina.com.cn
http://www.alexa.com/siteinfo/wordpress.com,wordpress.com
http://www.alexa.com/siteinfo/yahoo.co.jp,yahoo.co.jp
http://www.alexa.com/siteinfo/yandex.ru,yandex.ru
http://www.alexa.com/siteinfo/bing.com,bing.com
http://www.alexa.com/siteinfo/ebay.com,ebay.com
http://www.alexa.com/siteinfo/hao123.com,hao123.com
http://www.alexa.com/siteinfo/vk.com,vk.com
http://www.alexa.com/siteinfo/google.de,google.de
http://www.alexa.com/siteinfo/163.com,163.com
http://www.alexa.com/siteinfo/tumblr.com,tumblr.com
http://www.alexa.com/siteinfo/pinterest.com,pinterest.com
http://www.alexa.com/siteinfo/google.co.uk,google.co.uk
http://www.alexa.com/siteinfo/google.fr,google.fr
http://www.alexa.com/siteinfo/ask.com,ask.com
http://www.alexa.com/siteinfo/msn.com,msn.com
http://www.alexa.com/siteinfo/google.co.jp,google.co.jp
http://www.alexa.com/siteinfo/microsoft.com,microsoft.com
http://www.alexa.com/siteinfo/mail.ru,mail.ru
http://www.alexa.com/siteinfo/googleusercontent.com,googleusercontent.com
http://www.alexa.com/siteinfo/weibo.com,weibo.com
http://www.alexa.com/siteinfo/google.com.br,google.com.br
http://www.alexa.com/siteinfo/apple.com,apple.com
http://www.alexa.com/siteinfo/paypal.com,paypal.com
http://www.alexa.com/siteinfo/tmall.com,tmall.com
http://www.alexa.com/siteinfo/google.ru,google.ru
http://www.alexa.com/siteinfo/instagram.com,instagram.com
http://www.alexa.com/siteinfo/xvideos.com,xvideos.com
http://www.alexa.com/siteinfo/google.com.hk,google.com.hk
http://www.alexa.com/siteinfo/google.it,google.it
http://www.alexa.com/siteinfo/blogger.com,blogger.com
http://www.alexa.com/siteinfo/google.es,google.es
http://www.alexa.com/siteinfo/imdb.com,imdb.com
http://www.alexa.com/siteinfo/sohu.com,sohu.com
http://www.alexa.com/siteinfo/craigslist.org,craigslist.org
http://www.alexa.com/siteinfo/360.cn,360.cn
http://www.alexa.com/siteinfo/soso.com,soso.com
http://www.alexa.com/siteinfo/amazon.co.jp,amazon.co.jp
http://www.alexa.com/siteinfo/go.com,go.com
http://www.alexa.com/siteinfo/xhamster.com,xhamster.com
http://www.alexa.com/siteinfo/bbc.co.uk,bbc.co.uk
http://www.alexa.com/siteinfo/google.com.mx,google.com.mx
http://www.alexa.com/siteinfo/stackoverflow.com,stackoverflow.com
http://www.alexa.com/siteinfo/neobux.com,neobux.com
http://www.alexa.com/siteinfo/google.ca,google.ca
http://www.alexa.com/siteinfo/fc2.com,fc2.com
http://www.alexa.com/siteinfo/alibaba.com,alibaba.com
http://www.alexa.com/siteinfo/imgur.com,imgur.com
http://www.alexa.com/siteinfo/cnn.com,cnn.com
http://www.alexa.com/siteinfo/adcash.com,adcash.com
http://www.alexa.com/siteinfo/wordpress.org,wordpress.org
http://www.alexa.com/siteinfo/espn.go.com,espn.go.com
http://www.alexa.com/siteinfo/flickr.com,flickr.com
http://www.alexa.com/siteinfo/thepiratebay.sx,thepiratebay.sx
http://www.alexa.com/siteinfo/huffingtonpost.com,huffingtonpost.com
http://www.alexa.com/siteinfo/odnoklassniki.ru,odnoklassniki.ru
http://www.alexa.com/siteinfo/t.co,t.co
http://www.alexa.com/siteinfo/vube.com,vube.com
http://www.alexa.com/siteinfo/conduit.com,conduit.com
http://www.alexa.com/siteinfo/adobe.com,adobe.com
http://www.alexa.com/siteinfo/akamaihd.net,akamaihd.net
http://www.alexa.com/siteinfo/amazon.de,amazon.de
http://www.alexa.com/siteinfo/gmw.cn,gmw.cn
http://www.alexa.com/siteinfo/aliexpress.com,aliexpress.com
http://www.alexa.com/siteinfo/reddit.com,reddit.com
http://www.alexa.com/siteinfo/google.com.tr,google.com.tr
http://www.alexa.com/siteinfo/pornhub.com,pornhub.com
http://www.alexa.com/siteinfo/ebay.de,ebay.de
http://www.alexa.com/siteinfo/blogspot.in,blogspot.in
http://www.alexa.com/siteinfo/about.com,about.com
http://www.alexa.com/siteinfo/godaddy.com,godaddy.com
http://www.alexa.com/siteinfo/bp.blogspot.com,bp.blogspot.com
http://www.alexa.com/siteinfo/youku.com,youku.com
http://www.alexa.com/siteinfo/google.com.au,google.com.au
http://www.alexa.com/siteinfo/rakuten.co.jp,rakuten.co.jp
http://www.alexa.com/siteinfo/google.pl,google.pl
http://www.alexa.com/siteinfo/xinhuanet.com,xinhuanet.com
http://www.alexa.com/siteinfo/ifeng.com,ifeng.com
http://www.alexa.com/siteinfo/ebay.co.uk,ebay.co.uk
http://www.alexa.com/siteinfo/dailymotion.com,dailymotion.com
http://www.alexa.com/siteinfo/ku6.com,ku6.com
http://www.alexa.com/siteinfo/cnet.com,cnet.com
http://www.alexa.com/siteinfo/netflix.com,netflix.com
http://www.alexa.com/siteinfo/vimeo.com,vimeo.com
http://www.alexa.com/siteinfo/uol.com.br,uol.com.br
http://www.alexa.com/siteinfo/amazon.co.uk,amazon.co.uk
http://www.alexa.com/siteinfo/dailymail.co.uk,dailymail.co.uk
http://www.alexa.com/siteinfo/youporn.com,youporn.com
http://www.alexa.com/siteinfo/kickass.to,kickass.to
http://www.alexa.com/siteinfo/adf.ly,adf.ly
http://www.alexa.com/siteinfo/aol.com,aol.com
http://www.alexa.com/siteinfo/redtube.com,redtube.com
http://www.alexa.com/siteinfo/google.com.ar,google.com.ar
http://www.alexa.com/siteinfo/sogou.com,sogou.com
http://www.alexa.com/siteinfo/themeforest.net,themeforest.net
http://www.alexa.com/siteinfo/dropbox.com,dropbox.com
http://www.alexa.com/siteinfo/livejasmin.com,livejasmin.com
http://www.alexa.com/siteinfo/google.com.sa,google.com.sa
http://www.alexa.com/siteinfo/indiatimes.com,indiatimes.com
http://www.alexa.com/siteinfo/amazonaws.com,amazonaws.com
http://www.alexa.com/siteinfo/people.com.cn,people.com.cn
http://www.alexa.com/siteinfo/globo.com,globo.com
http://www.alexa.com/siteinfo/slideshare.net,slideshare.net
http://www.alexa.com/siteinfo/xnxx.com,xnxx.com
http://www.alexa.com/siteinfo/nytimes.com,nytimes.com
http://www.alexa.com/siteinfo/directrev.com,directrev.com
http://www.alexa.com/siteinfo/google.com.eg,google.com.eg
http://www.alexa.com/siteinfo/secureserver.net,secureserver.net
http://www.alexa.com/siteinfo/google.nl,google.nl
http://www.alexa.com/siteinfo/pixnet.net,pixnet.net
http://www.alexa.com/siteinfo/alipay.com,alipay.com
http://www.alexa.com/siteinfo/avg.com,avg.com
http://www.alexa.com/siteinfo/media.tumblr.com,media.tumblr.com
http://www.alexa.com/siteinfo/wikimedia.org,wikimedia.org
http://www.alexa.com/siteinfo/fiverr.com,fiverr.com
http://www.alexa.com/siteinfo/ameblo.jp,ameblo.jp
http://www.alexa.com/siteinfo/hootsuite.com,hootsuite.com
http://www.alexa.com/siteinfo/deviantart.com,deviantart.com
http://www.alexa.com/siteinfo/google.com.pk,google.com.pk
http://www.alexa.com/siteinfo/yelp.com,yelp.com
http://www.alexa.com/siteinfo/livedoor.com,livedoor.com
http://www.alexa.com/siteinfo/google.com.tw,google.com.tw
http://www.alexa.com/siteinfo/blogfa.com,blogfa.com
http://www.alexa.com/siteinfo/etsy.com,etsy.com
http://www.alexa.com/siteinfo/babylon.com,babylon.com
http://www.alexa.com/siteinfo/livejournal.com,livejournal.com
http://www.alexa.com/siteinfo/mozilla.org,mozilla.org
http://www.alexa.com/siteinfo/wikia.com,wikia.com
http://www.alexa.com/siteinfo/outbrain.com,outbrain.com
http://www.alexa.com/siteinfo/booking.com,booking.com
http://www.alexa.com/siteinfo/mediafire.com,mediafire.com
http://www.alexa.com/siteinfo/aweber.com,aweber.com
http://www.alexa.com/siteinfo/google.co.th,google.co.th
http://www.alexa.com/siteinfo/jd.com,jd.com
http://www.alexa.com/siteinfo/adrotator.se,adrotator.se
http://www.alexa.com/siteinfo/blogspot.com.br,blogspot.com.br
http://www.alexa.com/siteinfo/weather.com,weather.com
http://www.alexa.com/siteinfo/4shared.com,4shared.com
http://www.alexa.com/siteinfo/google.co.za,google.co.za
http://www.alexa.com/siteinfo/torrentz.eu,torrentz.eu
http://www.alexa.com/siteinfo/addthis.com,addthis.com
http://www.alexa.com/siteinfo/theguardian.com,theguardian.com
http://www.alexa.com/siteinfo/china.com.cn,china.com.cn
http://www.alexa.com/siteinfo/stumbleupon.com,stumbleupon.com
http://www.alexa.com/siteinfo/badoo.com,badoo.com
http://www.alexa.com/siteinfo/sourceforge.net,sourceforge.net
http://www.alexa.com/siteinfo/liveinternet.ru,liveinternet.ru
http://www.alexa.com/siteinfo/wikihow.com,wikihow.com
http://www.alexa.com/siteinfo/espncricinfo.com,espncricinfo.com
http://www.alexa.com/siteinfo/w3schools.com,w3schools.com
http://www.alexa.com/siteinfo/foxnews.com,foxnews.com
http://www.alexa.com/siteinfo/forbes.com,forbes.com
http://www.alexa.com/siteinfo/google.co.ve,google.co.ve
http://www.alexa.com/siteinfo/bankofamerica.com,bankofamerica.com
http://www.alexa.com/siteinfo/files.wordpress.com,files.wordpress.com
http://www.alexa.com/siteinfo/hostgator.com,hostgator.com
http://www.alexa.com/siteinfo/archive.org,archive.org
http://www.alexa.com/siteinfo/flipkart.com,flipkart.com
http://www.alexa.com/siteinfo/walmart.com,walmart.com
http://www.alexa.com/siteinfo/salesforce.com,salesforce.com
http://www.alexa.com/siteinfo/buzzfeed.com,buzzfeed.com
http://www.alexa.com/siteinfo/softonic.com,softonic.com
http://www.alexa.com/siteinfo/chase.com,chase.com
http://www.alexa.com/siteinfo/google.co.id,google.co.id
http://www.alexa.com/siteinfo/statcounter.com,statcounter.com
http://www.alexa.com/siteinfo/ask.fm,ask.fm
http://www.alexa.com/siteinfo/yesky.com,yesky.com
http://www.alexa.com/siteinfo/spiegel.de,spiegel.de
http://www.alexa.com/siteinfo/tube8.com,tube8.com
http://www.alexa.com/siteinfo/soundcloud.com,soundcloud.com
http://www.alexa.com/siteinfo/google.com.co,google.com.co
http://www.alexa.com/siteinfo/google.gr,google.gr
http://www.alexa.com/siteinfo/naver.com,naver.com
http://www.alexa.com/siteinfo/indeed.com,indeed.com
http://www.alexa.com/siteinfo/reference.com,reference.com
http://www.alexa.com/siteinfo/warriorforum.com,warriorforum.com
http://www.alexa.com/siteinfo/skype.com,skype.com
http://www.alexa.com/siteinfo/it168.com,it168.com
http://www.alexa.com/siteinfo/google.com.vn,google.com.vn
http://www.alexa.com/siteinfo/bet365.com,bet365.com
http://www.alexa.com/siteinfo/allegro.pl,allegro.pl
http://www.alexa.com/siteinfo/mailchimp.com,mailchimp.com
http://www.alexa.com/siteinfo/douban.com,douban.com
http://www.alexa.com/siteinfo/delta-search.com,delta-search.com
http://www.alexa.com/siteinfo/github.com,github.com
http://www.alexa.com/siteinfo/java.com,java.com
http://www.alexa.com/siteinfo/google.be,google.be
http://www.alexa.com/siteinfo/photobucket.com,photobucket.com
http://www.alexa.com/siteinfo/google.com.ua,google.com.ua
http://www.alexa.com/siteinfo/onclickads.net,onclickads.net
http://www.alexa.com/siteinfo/mashable.com,mashable.com
http://www.alexa.com/siteinfo/zedo.com,zedo.com
http://www.alexa.com/siteinfo/google.com.ng,google.com.ng
http://www.alexa.com/siteinfo/nicovideo.jp,nicovideo.jp
http://www.alexa.com/siteinfo/tripadvisor.com,tripadvisor.com
http://www.alexa.com/siteinfo/google.cn,google.cn
http://www.alexa.com/siteinfo/onet.pl,onet.pl
http://www.alexa.com/siteinfo/taringa.net,taringa.net
http://www.alexa.com/siteinfo/thefreedictionary.com,thefreedictionary.com
http://www.alexa.com/siteinfo/gamer.com.tw,gamer.com.tw
http://www.alexa.com/siteinfo/wordreference.com,wordreference.com
http://www.alexa.com/siteinfo/goo.ne.jp,goo.ne.jp
http://www.alexa.com/siteinfo/shutterstock.com,shutterstock.com
http://www.alexa.com/siteinfo/leboncoin.fr,leboncoin.fr
http://www.alexa.com/siteinfo/answers.com,answers.com
http://www.alexa.com/siteinfo/blogspot.com.es,blogspot.com.es
http://www.alexa.com/siteinfo/clkmon.com,clkmon.com
http://www.alexa.com/siteinfo/sharelive.net,sharelive.net
http://www.alexa.com/siteinfo/amazon.fr,amazon.fr
http://www.alexa.com/siteinfo/popads.net,popads.net
http://www.alexa.com/siteinfo/bild.de,bild.de
http://www.alexa.com/siteinfo/google.se,google.se
http://www.alexa.com/siteinfo/wellsfargo.com,wellsfargo.com
http://www.alexa.com/siteinfo/chinaz.com,chinaz.com
http://www.alexa.com/siteinfo/nbcnews.com,nbcnews.com
http://www.alexa.com/siteinfo/wsj.com,wsj.com
http://www.alexa.com/siteinfo/pandora.com,pandora.com
http://www.alexa.com/siteinfo/telegraph.co.uk,telegraph.co.uk
http://www.alexa.com/siteinfo/mywebsearch.com,mywebsearch.com
http://www.alexa.com/siteinfo/rutracker.org,rutracker.org
http://www.alexa.com/siteinfo/uploaded.net,uploaded.net
http://www.alexa.com/siteinfo/nfl.com,nfl.com
http://www.alexa.com/siteinfo/samsung.com,samsung.com
http://www.alexa.com/siteinfo/php.net,php.net
http://www.alexa.com/siteinfo/google.ro,google.ro
http://www.alexa.com/siteinfo/weebly.com,weebly.com
http://www.alexa.com/siteinfo/google.com.ph,google.com.ph
http://www.alexa.com/siteinfo/tianya.cn,tianya.cn
http://www.alexa.com/siteinfo/naver.jp,naver.jp
http://www.alexa.com/siteinfo/ikea.com,ikea.com
http://www.alexa.com/siteinfo/comcast.net,comcast.net
http://www.alexa.com/siteinfo/rambler.ru,rambler.ru
http://www.alexa.com/siteinfo/ucoz.ru,ucoz.ru
http://www.alexa.com/siteinfo/usatoday.com,usatoday.com
http://www.alexa.com/siteinfo/wix.com,wix.com
http://www.alexa.com/siteinfo/rediff.com,rediff.com
http://www.alexa.com/siteinfo/stackexchange.com,stackexchange.com
http://www.alexa.com/siteinfo/ups.com,ups.com
http://www.alexa.com/siteinfo/zillow.com,zillow.com
http://www.alexa.com/siteinfo/google.com.pe,google.com.pe
http://www.alexa.com/siteinfo/google.at,google.at
http://www.alexa.com/siteinfo/xyxy.net,xyxy.net
http://www.alexa.com/siteinfo/google.dz,google.dz
http://www.alexa.com/siteinfo/gmx.net,gmx.net
http://www.alexa.com/siteinfo/so.com,so.com
http://www.alexa.com/siteinfo/loading-delivery1.com,loading-delivery1.com
http://www.alexa.com/siteinfo/yieldmanager.com,yieldmanager.com
http://www.alexa.com/siteinfo/moz.com,moz.com
http://www.alexa.com/siteinfo/washingtonpost.com,washingtonpost.com
http://www.alexa.com/siteinfo/domaintools.com,domaintools.com
http://www.alexa.com/siteinfo/goodreads.com,goodreads.com
http://www.alexa.com/siteinfo/businessinsider.com,businessinsider.com
http://www.alexa.com/siteinfo/kaskus.co.id,kaskus.co.id
http://www.alexa.com/siteinfo/qvo6.com,qvo6.com
http://www.alexa.com/siteinfo/empowernetwork.com,empowernetwork.com
http://www.alexa.com/siteinfo/upworthy.com,upworthy.com
http://www.alexa.com/siteinfo/google.ch,google.ch
http://www.alexa.com/siteinfo/dmm.co.jp,dmm.co.jp
http://www.alexa.com/siteinfo/in.com,in.com
http://www.alexa.com/siteinfo/bleacherreport.com,bleacherreport.com
http://www.alexa.com/siteinfo/ehow.com,ehow.com
http://www.alexa.com/siteinfo/google.cl,google.cl
http://www.alexa.com/siteinfo/avito.ru,avito.ru
http://www.alexa.com/siteinfo/mercadolivre.com.br,mercadolivre.com.br
http://www.alexa.com/siteinfo/qtrax.com,qtrax.com
http://www.alexa.com/siteinfo/google.com.sg,google.com.sg
http://www.alexa.com/siteinfo/scribd.com,scribd.com
http://www.alexa.com/siteinfo/wp.pl,wp.pl
http://www.alexa.com/siteinfo/histats.com,histats.com
http://www.alexa.com/siteinfo/bestbuy.com,bestbuy.com
http://www.alexa.com/siteinfo/m2newmedia.com,m2newmedia.com
http://www.alexa.com/siteinfo/hulu.com,hulu.com
http://www.alexa.com/siteinfo/free.fr,free.fr
http://www.alexa.com/siteinfo/hp.com,hp.com
http://www.alexa.com/siteinfo/constantcontact.com,constantcontact.com
http://www.alexa.com/siteinfo/bitly.com,bitly.com
http://www.alexa.com/siteinfo/pcpop.com,pcpop.com
http://www.alexa.com/siteinfo/goal.com,goal.com
http://www.alexa.com/siteinfo/google.pt,google.pt
http://www.alexa.com/siteinfo/cnzz.com,cnzz.com
http://www.alexa.com/siteinfo/google.co.kr,google.co.kr
http://www.alexa.com/siteinfo/disqus.com,disqus.com
http://www.alexa.com/siteinfo/xing.com,xing.com
http://www.alexa.com/siteinfo/usps.com,usps.com
http://www.alexa.com/siteinfo/codecanyon.net,codecanyon.net
http://www.alexa.com/siteinfo/bannersdontwork.com,bannersdontwork.com
http://www.alexa.com/siteinfo/target.com,target.com
http://www.alexa.com/siteinfo/reuters.com,reuters.com
http://www.alexa.com/siteinfo/56.com,56.com
http://www.alexa.com/siteinfo/olx.in,olx.in
http://www.alexa.com/siteinfo/fedex.com,fedex.com
http://www.alexa.com/siteinfo/google.com.bd,google.com.bd
http://www.alexa.com/siteinfo/hardsextube.com,hardsextube.com
http://www.alexa.com/siteinfo/hurriyet.com.tr,hurriyet.com.tr
http://www.alexa.com/siteinfo/putlocker.com,putlocker.com
http://www.alexa.com/siteinfo/9gag.com,9gag.com
http://www.alexa.com/siteinfo/ndtv.com,ndtv.com
http://www.alexa.com/siteinfo/cj.com,cj.com
http://www.alexa.com/siteinfo/libero.it,libero.it
http://www.alexa.com/siteinfo/clickbank.com,clickbank.com
http://www.alexa.com/siteinfo/mobile01.com,mobile01.com
http://www.alexa.com/siteinfo/web.de,web.de
http://www.alexa.com/siteinfo/varzesh3.com,varzesh3.com
http://www.alexa.com/siteinfo/caijing.com.cn,caijing.com.cn
http://www.alexa.com/siteinfo/hudong.com,hudong.com
http://www.alexa.com/siteinfo/gsmarena.com,gsmarena.com
http://www.alexa.com/siteinfo/quikr.com,quikr.com
http://www.alexa.com/siteinfo/ebay.in,ebay.in
http://www.alexa.com/siteinfo/nih.gov,nih.gov
http://www.alexa.com/siteinfo/detik.com,detik.com
http://www.alexa.com/siteinfo/infusionsoft.com,infusionsoft.com
http://www.alexa.com/siteinfo/marca.com,marca.com
http://www.alexa.com/siteinfo/google.cz,google.cz
http://www.alexa.com/siteinfo/nba.com,nba.com
http://www.alexa.com/siteinfo/snapdeal.com,snapdeal.com
http://www.alexa.com/siteinfo/youjizz.com,youjizz.com
http://www.alexa.com/siteinfo/americanexpress.com,americanexpress.com
http://www.alexa.com/siteinfo/extratorrent.cc,extratorrent.cc
http://www.alexa.com/siteinfo/ign.com,ign.com
http://www.alexa.com/siteinfo/orange.fr,orange.fr
http://www.alexa.com/siteinfo/motherless.com,motherless.com
http://www.alexa.com/siteinfo/imageshack.us,imageshack.us
http://www.alexa.com/siteinfo/siteadvisor.com,siteadvisor.com
http://www.alexa.com/siteinfo/bluehost.com,bluehost.com
http://www.alexa.com/siteinfo/milliyet.com.tr,milliyet.com.tr
http://www.alexa.com/siteinfo/meetup.com,meetup.com
http://www.alexa.com/siteinfo/groupon.com,groupon.com
http://www.alexa.com/siteinfo/kooora.com,kooora.com
http://www.alexa.com/siteinfo/beeg.com,beeg.com
http://www.alexa.com/siteinfo/bloomberg.com,bloomberg.com
http://www.alexa.com/siteinfo/ig.com.br,ig.com.br
http://www.alexa.com/siteinfo/webmd.com,webmd.com
http://www.alexa.com/siteinfo/yoka.com,yoka.com
http://www.alexa.com/siteinfo/amazon.cn,amazon.cn
http://www.alexa.com/siteinfo/iqiyi.com,iqiyi.com
http://www.alexa.com/siteinfo/huanqiu.com,huanqiu.com
http://www.alexa.com/siteinfo/kakaku.com,kakaku.com
http://www.alexa.com/siteinfo/4dsply.com,4dsply.com
http://www.alexa.com/siteinfo/jrj.com.cn,jrj.com.cn
http://www.alexa.com/siteinfo/pof.com,pof.com
http://www.alexa.com/siteinfo/tinyurl.com,tinyurl.com
http://www.alexa.com/siteinfo/ebay.it,ebay.it
http://www.alexa.com/siteinfo/gameforge.com,gameforge.com
http://www.alexa.com/siteinfo/linkbucks.com,linkbucks.com
http://www.alexa.com/siteinfo/twitch.tv,twitch.tv
http://www.alexa.com/siteinfo/istockphoto.com,istockphoto.com
http://www.alexa.com/siteinfo/google.no,google.no
http://www.alexa.com/siteinfo/tagged.com,tagged.com
http://www.alexa.com/siteinfo/snapdo.com,snapdo.com
http://www.alexa.com/siteinfo/zippyshare.com,zippyshare.com
http://www.alexa.com/siteinfo/surveymonkey.com,surveymonkey.com
http://www.alexa.com/siteinfo/xe.com,xe.com
http://www.alexa.com/siteinfo/tudou.com,tudou.com
http://www.alexa.com/siteinfo/w3.org,w3.org
http://www.alexa.com/siteinfo/doubleclick.com,doubleclick.com
http://www.alexa.com/siteinfo/odesk.com,odesk.com
http://www.alexa.com/siteinfo/dell.com,dell.com
http://www.alexa.com/siteinfo/hdfcbank.com,hdfcbank.com
http://www.alexa.com/siteinfo/yandex.ua,yandex.ua
http://www.alexa.com/siteinfo/joomla.org,joomla.org
http://www.alexa.com/siteinfo/blogspot.de,blogspot.de
http://www.alexa.com/siteinfo/thefreecamsecret.com,thefreecamsecret.com
http://www.alexa.com/siteinfo/google.co.hu,google.co.hu
http://www.alexa.com/siteinfo/ettoday.net,ettoday.net
http://www.alexa.com/siteinfo/repubblica.it,repubblica.it
http://www.alexa.com/siteinfo/google.ae,google.ae
http://www.alexa.com/siteinfo/optmd.com,optmd.com
http://www.alexa.com/siteinfo/ad6media.fr,ad6media.fr
http://www.alexa.com/siteinfo/ebay.com.au,ebay.com.au
http://www.alexa.com/siteinfo/elpais.com,elpais.com
http://www.alexa.com/siteinfo/force.com,force.com
http://www.alexa.com/siteinfo/doorblog.jp,doorblog.jp
http://www.alexa.com/siteinfo/cloudfront.net,cloudfront.net
http://www.alexa.com/siteinfo/getresponse.com,getresponse.com
http://www.alexa.com/siteinfo/bitauto.com,bitauto.com
http://www.alexa.com/siteinfo/habrahabr.ru,habrahabr.ru
http://www.alexa.com/siteinfo/speedtest.net,speedtest.net
http://www.alexa.com/siteinfo/google.ie,google.ie
http://www.alexa.com/siteinfo/drudgereport.com,drudgereport.com
http://www.alexa.com/siteinfo/feedly.com,feedly.com
http://www.alexa.com/siteinfo/time.com,time.com
http://www.alexa.com/siteinfo/google.az,google.az
http://www.alexa.com/siteinfo/ameba.jp,ameba.jp
http://www.alexa.com/siteinfo/retailmenot.com,retailmenot.com
http://www.alexa.com/siteinfo/lady8844.com,lady8844.com
http://www.alexa.com/siteinfo/seznam.cz,seznam.cz
http://www.alexa.com/siteinfo/123rf.com,123rf.com
http://www.alexa.com/siteinfo/zendesk.com,zendesk.com
http://www.alexa.com/siteinfo/microsoftonline.com,microsoftonline.com
http://www.alexa.com/siteinfo/ck101.com,ck101.com
http://www.alexa.com/siteinfo/google.com.my,google.com.my
http://www.alexa.com/siteinfo/twoo.com,twoo.com
http://www.alexa.com/siteinfo/cbssports.com,cbssports.com
http://www.alexa.com/siteinfo/goo.gl,goo.gl
http://www.alexa.com/siteinfo/doublepimp.com,doublepimp.com
http://www.alexa.com/siteinfo/jobfindgold.info,jobfindgold.info
http://www.alexa.com/siteinfo/gazeta.pl,gazeta.pl
http://www.alexa.com/siteinfo/techcrunch.com,techcrunch.com
http://www.alexa.com/siteinfo/rapidgator.net,rapidgator.net
http://www.alexa.com/siteinfo/chaturbate.com,chaturbate.com
http://www.alexa.com/siteinfo/webcrawler.com,webcrawler.com
http://www.alexa.com/siteinfo/t-online.de,t-online.de
http://www.alexa.com/siteinfo/rt.com,rt.com
http://www.alexa.com/siteinfo/vitaminl.tv,vitaminl.tv
http://www.alexa.com/siteinfo/blackhatworld.com,blackhatworld.com
http://www.alexa.com/siteinfo/typepad.com,typepad.com
http://www.alexa.com/siteinfo/match.com,match.com
http://www.alexa.com/siteinfo/goodgamestudios.com,goodgamestudios.com
http://www.alexa.com/siteinfo/list-manage.com,list-manage.com
http://www.alexa.com/siteinfo/daum.net,daum.net
http://www.alexa.com/siteinfo/google.dk,google.dk
http://www.alexa.com/siteinfo/webs.com,webs.com
http://www.alexa.com/siteinfo/uimserv.net,uimserv.net
http://www.alexa.com/siteinfo/amazon.it,amazon.it
http://www.alexa.com/siteinfo/quora.com,quora.com
http://www.alexa.com/siteinfo/google.co.il,google.co.il
http://www.alexa.com/siteinfo/latimes.com,latimes.com
http://www.alexa.com/siteinfo/commentcamarche.net,commentcamarche.net
http://www.alexa.com/siteinfo/jimdo.com,jimdo.com
http://www.alexa.com/siteinfo/yaolan.com,yaolan.com
http://www.alexa.com/siteinfo/freelancer.com,freelancer.com
http://www.alexa.com/siteinfo/elance.com,elance.com
http://www.alexa.com/siteinfo/tmz.com,tmz.com
http://www.alexa.com/siteinfo/att.com,att.com
http://www.alexa.com/siteinfo/webmoney.ru,webmoney.ru
http://www.alexa.com/siteinfo/exoclick.com,exoclick.com
http://www.alexa.com/siteinfo/eyny.com,eyny.com
http://www.alexa.com/siteinfo/xda-developers.com,xda-developers.com
http://www.alexa.com/siteinfo/pch.com,pch.com
http://www.alexa.com/siteinfo/naukri.com,naukri.com
http://www.alexa.com/siteinfo/elmundo.es,elmundo.es
http://www.alexa.com/siteinfo/backpage.com,backpage.com
http://www.alexa.com/siteinfo/irctc.co.in,irctc.co.in
http://www.alexa.com/siteinfo/icicibank.com,icicibank.com
http://www.alexa.com/siteinfo/vnexpress.net,vnexpress.net
http://www.alexa.com/siteinfo/abril.com.br,abril.com.br
http://www.alexa.com/siteinfo/capitalone.com,capitalone.com
http://www.alexa.com/siteinfo/soku.com,soku.com
http://www.alexa.com/siteinfo/nydailynews.com,nydailynews.com
http://www.alexa.com/siteinfo/xgo.com.cn,xgo.com.cn
http://www.alexa.com/siteinfo/subscene.com,subscene.com
http://www.alexa.com/siteinfo/issuu.com,issuu.com
http://www.alexa.com/siteinfo/ning.com,ning.com
http://www.alexa.com/siteinfo/abcnews.go.com,abcnews.go.com
http://www.alexa.com/siteinfo/jabong.com,jabong.com
http://www.alexa.com/siteinfo/livescore.com,livescore.com
http://www.alexa.com/siteinfo/homedepot.com,homedepot.com
http://www.alexa.com/siteinfo/corriere.it,corriere.it
http://www.alexa.com/siteinfo/sahibinden.com,sahibinden.com
http://www.alexa.com/siteinfo/mercadolibre.com.ar,mercadolibre.com.ar
http://www.alexa.com/siteinfo/lenovo.com,lenovo.com
http://www.alexa.com/siteinfo/renren.com,renren.com
http://www.alexa.com/siteinfo/youdao.com,youdao.com
http://www.alexa.com/siteinfo/terra.com.br,terra.com.br
http://www.alexa.com/siteinfo/intoday.in,intoday.in
http://www.alexa.com/siteinfo/swagbucks.com,swagbucks.com
http://www.alexa.com/siteinfo/hypergames.net,hypergames.net
http://www.alexa.com/siteinfo/chip.de,chip.de
http://www.alexa.com/siteinfo/okcupid.com,okcupid.com
http://www.alexa.com/siteinfo/engadget.com,engadget.com
http://www.alexa.com/siteinfo/myfreecams.com,myfreecams.com
http://www.alexa.com/siteinfo/systweak.com,systweak.com
http://www.alexa.com/siteinfo/fotolia.com,fotolia.com
http://www.alexa.com/siteinfo/fbcdn.net,fbcdn.net
http://www.alexa.com/siteinfo/altervista.org,altervista.org
http://www.alexa.com/siteinfo/zing.vn,zing.vn
http://www.alexa.com/siteinfo/gutefrage.net,gutefrage.net
http://www.alexa.com/siteinfo/timeanddate.com,timeanddate.com
http://www.alexa.com/siteinfo/justdial.com,justdial.com
http://www.alexa.com/siteinfo/searchengines.ru,searchengines.ru
http://www.alexa.com/siteinfo/informer.com,informer.com
http://www.alexa.com/siteinfo/newegg.com,newegg.com
http://www.alexa.com/siteinfo/oracle.com,oracle.com
http://www.alexa.com/siteinfo/hatena.ne.jp,hatena.ne.jp
http://www.alexa.com/siteinfo/ce.cn,ce.cn
http://www.alexa.com/siteinfo/shareasale.com,shareasale.com
http://www.alexa.com/siteinfo/gotomeeting.com,gotomeeting.com
http://www.alexa.com/siteinfo/drtuber.com,drtuber.com
http://www.alexa.com/siteinfo/liveleak.com,liveleak.com
http://www.alexa.com/siteinfo/kickstarter.com,kickstarter.com
http://www.alexa.com/siteinfo/probux.com,probux.com
http://www.alexa.com/siteinfo/lemonde.fr,lemonde.fr
http://www.alexa.com/siteinfo/youm7.com,youm7.com
http://www.alexa.com/siteinfo/narod.ru,narod.ru
http://www.alexa.com/siteinfo/accuweather.com,accuweather.com
http://www.alexa.com/siteinfo/ebay.fr,ebay.fr
http://www.alexa.com/siteinfo/coccoc.com,coccoc.com
http://www.alexa.com/siteinfo/digg.com,digg.com
http://www.alexa.com/siteinfo/opensiteexplorer.org,opensiteexplorer.org
http://www.alexa.com/siteinfo/lifehacker.com,lifehacker.com
http://www.alexa.com/siteinfo/citrixonline.com,citrixonline.com
http://www.alexa.com/siteinfo/semrush.com,semrush.com
http://www.alexa.com/siteinfo/taleo.net,taleo.net
http://www.alexa.com/siteinfo/58.com,58.com
http://www.alexa.com/siteinfo/kijiji.ca,kijiji.ca
http://www.alexa.com/siteinfo/battle.net,battle.net
http://www.alexa.com/siteinfo/who.is,who.is
http://www.alexa.com/siteinfo/2ch.net,2ch.net
http://www.alexa.com/siteinfo/myntra.com,myntra.com
http://www.alexa.com/siteinfo/ya.ru,ya.ru
http://www.alexa.com/siteinfo/zeobit.com,zeobit.com
http://www.alexa.com/siteinfo/amazon.in,amazon.in
http://www.alexa.com/siteinfo/examiner.com,examiner.com
http://www.alexa.com/siteinfo/blogspot.ru,blogspot.ru
http://www.alexa.com/siteinfo/google.sk,google.sk
http://www.alexa.com/siteinfo/marketwatch.com,marketwatch.com
http://www.alexa.com/siteinfo/onlinesbi.com,onlinesbi.com
http://www.alexa.com/siteinfo/sape.ru,sape.ru
http://www.alexa.com/siteinfo/lenta.ru,lenta.ru
http://www.alexa.com/siteinfo/sberbank.ru,sberbank.ru
http://www.alexa.com/siteinfo/clixsense.com,clixsense.com
http://www.alexa.com/siteinfo/hubpages.com,hubpages.com
http://www.alexa.com/siteinfo/eazel.com,eazel.com
http://www.alexa.com/siteinfo/kinopoisk.ru,kinopoisk.ru
http://www.alexa.com/siteinfo/hubspot.com,hubspot.com
http://www.alexa.com/siteinfo/lefigaro.fr,lefigaro.fr
http://www.alexa.com/siteinfo/en.wordpress.com,en.wordpress.com
http://www.alexa.com/siteinfo/free-tv-video-online.me,free-tv-video-online.me
http://www.alexa.com/siteinfo/google.fi,google.fi
http://www.alexa.com/siteinfo/bodybuilding.com,bodybuilding.com
http://www.alexa.com/siteinfo/foursquare.com,foursquare.com
http://www.alexa.com/siteinfo/expedia.com,expedia.com
http://www.alexa.com/siteinfo/mihanblog.com,mihanblog.com
http://www.alexa.com/siteinfo/oneindia.in,oneindia.in
http://www.alexa.com/siteinfo/seesaa.net,seesaa.net
http://www.alexa.com/siteinfo/amung.us,amung.us
http://www.alexa.com/siteinfo/tabelog.com,tabelog.com
http://www.alexa.com/siteinfo/beva.com,beva.com
http://www.alexa.com/siteinfo/adultfriendfinder.com,adultfriendfinder.com
http://www.alexa.com/siteinfo/steampowered.com,steampowered.com
http://www.alexa.com/siteinfo/clicksor.com,clicksor.com
http://www.alexa.com/siteinfo/wired.com,wired.com
http://www.alexa.com/siteinfo/xunlei.com,xunlei.com
http://www.alexa.com/siteinfo/pchome.net,pchome.net
http://www.alexa.com/siteinfo/bhaskar.com,bhaskar.com
http://www.alexa.com/siteinfo/b5m.com,b5m.com
http://www.alexa.com/siteinfo/viralnova.com,viralnova.com
http://www.alexa.com/siteinfo/wiktionary.org,wiktionary.org
http://www.alexa.com/siteinfo/houzz.com,houzz.com
http://www.alexa.com/siteinfo/mercadolibre.com.mx,mercadolibre.com.mx
http://www.alexa.com/siteinfo/linksynergy.com,linksynergy.com
http://www.alexa.com/siteinfo/baomihua.com,baomihua.com
http://www.alexa.com/siteinfo/rbc.ru,rbc.ru
http://www.alexa.com/siteinfo/shaadi.com,shaadi.com
http://www.alexa.com/siteinfo/over-blog.com,over-blog.com
http://www.alexa.com/siteinfo/life.com.tw,life.com.tw
http://www.alexa.com/siteinfo/blogspot.jp,blogspot.jp
http://www.alexa.com/siteinfo/namecheap.com,namecheap.com
http://www.alexa.com/siteinfo/etao.com,etao.com
http://www.alexa.com/siteinfo/2345.com,2345.com
http://www.alexa.com/siteinfo/macys.com,macys.com
http://www.alexa.com/siteinfo/hotels.com,hotels.com
http://www.alexa.com/siteinfo/ero-advertising.com,ero-advertising.com
http://www.alexa.com/siteinfo/verizonwireless.com,verizonwireless.com
http://www.alexa.com/siteinfo/moneycontrol.com,moneycontrol.com
http://www.alexa.com/siteinfo/monster.com,monster.com
http://www.alexa.com/siteinfo/gawker.com,gawker.com
http://www.alexa.com/siteinfo/fhserve.com,fhserve.com
http://www.alexa.com/siteinfo/mysearchresults.com,mysearchresults.com
http://www.alexa.com/siteinfo/coupons.com,coupons.com
http://www.alexa.com/siteinfo/urbandictionary.com,urbandictionary.com
http://www.alexa.com/siteinfo/foxsports.com,foxsports.com
http://www.alexa.com/siteinfo/citibank.com,citibank.com
http://www.alexa.com/siteinfo/cbslocal.com,cbslocal.com
http://www.alexa.com/siteinfo/trulia.com,trulia.com
http://www.alexa.com/siteinfo/126.com,126.com
http://www.alexa.com/siteinfo/bravotube.net,bravotube.net
http://www.alexa.com/siteinfo/softpedia.com,softpedia.com
http://www.alexa.com/siteinfo/traidnt.net,traidnt.net
http://www.alexa.com/siteinfo/cntv.cn,cntv.cn
http://www.alexa.com/siteinfo/intuit.com,intuit.com
http://www.alexa.com/siteinfo/persianblog.ir,persianblog.ir
http://www.alexa.com/siteinfo/github.io,github.io
http://www.alexa.com/siteinfo/turbobit.net,turbobit.net
http://www.alexa.com/siteinfo/virgilio.it,virgilio.it
http://www.alexa.com/siteinfo/gizmodo.com,gizmodo.com
http://www.alexa.com/siteinfo/facenama.com,facenama.com
http://www.alexa.com/siteinfo/mp3skull.com,mp3skull.com
http://www.alexa.com/siteinfo/website-unavailable.com,website-unavailable.com
http://www.alexa.com/siteinfo/asos.com,asos.com
http://www.alexa.com/siteinfo/iminent.com,iminent.com
http://www.alexa.com/siteinfo/6.cn,6.cn
http://www.alexa.com/siteinfo/filehippo.com,filehippo.com
http://www.alexa.com/siteinfo/theblaze.com,theblaze.com
http://www.alexa.com/siteinfo/behance.net,behance.net
http://www.alexa.com/siteinfo/gateable.com,gateable.com
http://www.alexa.com/siteinfo/allrecipes.com,allrecipes.com
http://www.alexa.com/siteinfo/cy-pr.com,cy-pr.com
http://www.alexa.com/siteinfo/4399.com,4399.com
http://www.alexa.com/siteinfo/templatemonster.com,templatemonster.com
http://www.alexa.com/siteinfo/chinabyte.com,chinabyte.com
http://www.alexa.com/siteinfo/yellowpages.com,yellowpages.com
http://www.alexa.com/siteinfo/eventbrite.com,eventbrite.com
http://www.alexa.com/siteinfo/nordstrom.com,nordstrom.com
http://www.alexa.com/siteinfo/amazon.es,amazon.es
http://www.alexa.com/siteinfo/gc.ca,gc.ca
http://www.alexa.com/siteinfo/jquery.com,jquery.com
http://www.alexa.com/siteinfo/majesticseo.com,majesticseo.com
http://www.alexa.com/siteinfo/adscale.de,adscale.de
http://www.alexa.com/siteinfo/gobookee.org,gobookee.org
http://www.alexa.com/siteinfo/scoop.it,scoop.it
http://www.alexa.com/siteinfo/eonline.com,eonline.com
http://www.alexa.com/siteinfo/tradedoubler.com,tradedoubler.com
http://www.alexa.com/siteinfo/ctrip.com,ctrip.com
http://www.alexa.com/siteinfo/twimg.com,twimg.com
http://www.alexa.com/siteinfo/gogetlinks.net,gogetlinks.net
http://www.alexa.com/siteinfo/movie4k.to,movie4k.to
http://www.alexa.com/siteinfo/eastday.com,eastday.com
http://www.alexa.com/siteinfo/jobrapido.com,jobrapido.com
http://www.alexa.com/siteinfo/tomshardware.com,tomshardware.com
http://www.alexa.com/siteinfo/likes.com,likes.com
http://www.alexa.com/siteinfo/news.com.au,news.com.au
http://www.alexa.com/siteinfo/zimbio.com,zimbio.com
http://www.alexa.com/siteinfo/leo.org,leo.org
http://www.alexa.com/siteinfo/ppstream.com,ppstream.com
http://www.alexa.com/siteinfo/farsnews.com,farsnews.com
http://www.alexa.com/siteinfo/ci123.com,ci123.com
http://www.alexa.com/siteinfo/aizhan.com,aizhan.com
http://www.alexa.com/siteinfo/pixiv.net,pixiv.net
http://www.alexa.com/siteinfo/cnbc.com,cnbc.com
http://www.alexa.com/siteinfo/salesresourcepartners.com,salesresourcepartners.com
http://www.alexa.com/siteinfo/evernote.com,evernote.com
http://www.alexa.com/siteinfo/google.kz,google.kz
http://www.alexa.com/siteinfo/mobile.de,mobile.de
http://www.alexa.com/siteinfo/tokobagus.com,tokobagus.com
http://www.alexa.com/siteinfo/spotscenered.info,spotscenered.info
http://www.alexa.com/siteinfo/lipixeltrack.com,lipixeltrack.com
http://www.alexa.com/siteinfo/nifty.com,nifty.com
http://www.alexa.com/siteinfo/aili.com,aili.com
http://www.alexa.com/siteinfo/ezinearticles.com,ezinearticles.com
http://www.alexa.com/siteinfo/indianrail.gov.in,indianrail.gov.in
http://www.alexa.com/siteinfo/dict.cc,dict.cc
http://www.alexa.com/siteinfo/gap.com,gap.com
http://www.alexa.com/siteinfo/spankwire.com,spankwire.com
http://www.alexa.com/siteinfo/kompas.com,kompas.com
http://www.alexa.com/siteinfo/howstuffworks.com,howstuffworks.com
http://www.alexa.com/siteinfo/ancestry.com,ancestry.com
http://www.alexa.com/siteinfo/taboola.com,taboola.com
http://www.alexa.com/siteinfo/lanacion.com.ar,lanacion.com.ar
http://www.alexa.com/siteinfo/cbsnews.com,cbsnews.com
http://www.alexa.com/siteinfo/allocine.fr,allocine.fr
http://www.alexa.com/siteinfo/lequipe.fr,lequipe.fr
http://www.alexa.com/siteinfo/slickdeals.net,slickdeals.net
http://www.alexa.com/siteinfo/sears.com,sears.com
http://www.alexa.com/siteinfo/squidoo.com,squidoo.com
http://www.alexa.com/siteinfo/tutsplus.com,tutsplus.com
http://www.alexa.com/siteinfo/55bbs.com,55bbs.com
http://www.alexa.com/siteinfo/zanox.com,zanox.com
http://www.alexa.com/siteinfo/mynet.com,mynet.com
http://www.alexa.com/siteinfo/pr-cy.ru,pr-cy.ru
http://www.alexa.com/siteinfo/mercadolibre.com.ve,mercadolibre.com.ve
http://www.alexa.com/siteinfo/nhl.com,nhl.com
http://www.alexa.com/siteinfo/clarin.com,clarin.com
http://www.alexa.com/siteinfo/stockstar.com,stockstar.com
http://www.alexa.com/siteinfo/zappos.com,zappos.com
http://www.alexa.com/siteinfo/letitbit.net,letitbit.net
http://www.alexa.com/siteinfo/m-w.com,m-w.com
http://www.alexa.com/siteinfo/hidemyass.com,hidemyass.com
http://www.alexa.com/siteinfo/linkwithin.com,linkwithin.com
http://www.alexa.com/siteinfo/all-free-download.com,all-free-download.com
http://www.alexa.com/siteinfo/dreamstime.com,dreamstime.com
http://www.alexa.com/siteinfo/agoda.com,agoda.com
http://www.alexa.com/siteinfo/immobilienscout24.de,immobilienscout24.de
http://www.alexa.com/siteinfo/cracked.com,cracked.com
http://www.alexa.com/siteinfo/ovh.net,ovh.net
http://www.alexa.com/siteinfo/addmefast.com,addmefast.com
http://www.alexa.com/siteinfo/rednet.cn,rednet.cn
http://www.alexa.com/siteinfo/ca.gov,ca.gov
http://www.alexa.com/siteinfo/blackberry.com,blackberry.com
http://www.alexa.com/siteinfo/europa.eu,europa.eu
http://www.alexa.com/siteinfo/nokia.com,nokia.com
http://www.alexa.com/siteinfo/babytree.com,babytree.com
http://www.alexa.com/siteinfo/qone8.com,qone8.com
http://www.alexa.com/siteinfo/overstock.com,overstock.com
http://www.alexa.com/siteinfo/rottentomatoes.com,rottentomatoes.com
http://www.alexa.com/siteinfo/sapo.pt,sapo.pt
http://www.alexa.com/siteinfo/foodnetwork.com,foodnetwork.com
http://www.alexa.com/siteinfo/viadeo.com,viadeo.com
http://www.alexa.com/siteinfo/babycenter.com,babycenter.com
http://www.alexa.com/siteinfo/mackolik.com,mackolik.com
http://www.alexa.com/siteinfo/google.com.kw,google.com.kw
http://www.alexa.com/siteinfo/battlefield.com,battlefield.com
http://www.alexa.com/siteinfo/custhelp.com,custhelp.com
http://www.alexa.com/siteinfo/autohome.com.cn,autohome.com.cn
http://www.alexa.com/siteinfo/idnes.cz,idnes.cz
http://www.alexa.com/siteinfo/mega.co.nz,mega.co.nz
