"facebook.com","HTML/BODY","https://www.facebook.com/"
"facebook.com","HTML/BODY/DIV[1]","https://www.facebook.com/"
"facebook.com","HTML/BODY/DIV[1]/DIV[1]","https://www.facebook.com/"
"facebook.com","HTML/BODY/DIV[1]/DIV[1]/DIV[1]","https://www.facebook.com/"
"facebook.com","HTML/BODY/DIV[1]/DIV[1]/DIV[1]/DIV[1]","https://www.facebook.com/"
"facebook.com","HTML/BODY/DIV[1]/DIV[1]/DIV[1]/DIV[1]/DIV[1]","https://www.facebook.com/"
"facebook.com","HTML/BODY/DIV[1]/DIV[1]/DIV[1]/DIV[1]/DIV[1]/DIV[1]","https://www.facebook.com/"
"facebook.com","HTML/BODY/DIV[1]/DIV[1]/DIV[1]/DIV[1]/DIV[1]/DIV[1]/DIV[1]","https://www.facebook.com/"
"facebook.com","HTML/BODY/DIV[1]/DIV[1]/DIV[1]/DIV[1]/DIV[1]/DIV[1]/DIV[1]/A[1]","https://www.facebook.com/"
"facebook.com","HTML/BODY/DIV[1]/DIV[1]/DIV[1]/DIV[1]/DIV[1]/DIV[1]/DIV[1]/A[1]/I[1]","https://www.facebook.com/"
"facebook.com","HTML/BODY/DIV[1]/DIV[1]/DIV[1]/DIV[1]/DIV[1]/DIV[1]/DIV[1]/A[1]/I[1]/U[1]","https://www.facebook.com/"
"facebook.com","HTML/BODY/DIV[1]/DIV[1]/DIV[1]/DIV[1]/DIV[1]/DIV[1]/DIV[1]/DIV[1]","https://www.facebook.com/"
"facebook.com","HTML/BODY/DIV[1]/DIV[1]/DIV[1]/DIV[1]/DIV[1]/DIV[1]/DIV[1]/DIV[1]/FORM[1]","https://www.facebook.com/"
"facebook.com","HTML/BODY/DIV[1]/DIV[1]/DIV[1]/DIV[1]/DIV[1]/DIV[1]/DIV[1]/DIV[1]/FORM[1]/INPUT[1]","https://www.facebook.com/"
"facebook.com","HTML/BODY/DIV[1]/DIV[1]/DIV[1]/DIV[1]/DIV[1]/DIV[1]/DIV[1]/DIV[1]/FORM[1]/TABLE[1]","https://www.facebook.com/"
"facebook.com","HTML/BODY/DIV[1]/DIV[1]/DIV[1]/DIV[1]/DIV[1]/DIV[1]/DIV[1]/DIV[1]/FORM[1]/TABLE[1]/TBODY[1]","https://www.facebook.com/"
"facebook.com","HTML/BODY/DIV[1]/DIV[1]/DIV[1]/DIV[1]/DIV[1]/DIV[1]/DIV[1]/DIV[1]/FORM[1]/TABLE[1]/TBODY[1]/TR[1]","https://www.facebook.com/"
"facebook.com","HTML/BODY/DIV[1]/DIV[1]/DIV[1]/DIV[1]/DIV[1]/DIV[1]/DIV[1]/DIV[1]/FORM[1]/TABLE[1]/TBODY[1]/TR[1]/TD[1]","https://www.facebook.com/"
"facebook.com","HTML/BODY/DIV[1]/DIV[1]/DIV[1]/DIV[1]/DIV[1]/DIV[1]/DIV[1]/DIV[1]/FORM[1]/TABLE[1]/TBODY[1]/TR[1]/TD[1]/LABEL[1]","https://www.facebook.com/"
"facebook.com","HTML/BODY/DIV[1]/DIV[1]/DIV[1]/DIV[1]/DIV[1]/DIV[1]/DIV[1]/DIV[1]/FORM[1]/TABLE[1]/TBODY[1]/TR[1]/TD[2]","https://www.facebook.com/"
"facebook.com","HTML/BODY/DIV[1]/DIV[1]/DIV[1]/DIV[1]/DIV[1]/DIV[1]/DIV[1]/DIV[1]/FORM[1]/TABLE[1]/TBODY[1]/TR[1]/TD[2]/LABEL[1]","https://www.facebook.com/"
"facebook.com","HTML/BODY/DIV[1]/DIV[1]/DIV[1]/DIV[1]/DIV[1]/DIV[1]/DIV[1]/DIV[1]/FORM[1]/TABLE[1]/TBODY[1]/TR[2]","https://www.facebook.com/"
"facebook.com","HTML/BODY/DIV[1]/DIV[1]/DIV[1]/DIV[1]/DIV[1]/DIV[1]/DIV[1]/DIV[1]/FORM[1]/TABLE[1]/TBODY[1]/TR[2]/TD[1]","https://www.facebook.com/"
"facebook.com","HTML/BODY/DIV[1]/DIV[1]/DIV[1]/DIV[1]/DIV[1]/DIV[1]/DIV[1]/DIV[1]/FORM[1]/TABLE[1]/TBODY[1]/TR[2]/TD[1]/INPUT[1]","https://www.facebook.com/"
"facebook.com","HTML/BODY/DIV[1]/DIV[1]/DIV[1]/DIV[1]/DIV[1]/DIV[1]/DIV[1]/DIV[1]/FORM[1]/TABLE[1]/TBODY[1]/TR[2]/TD[2]","https://www.facebook.com/"
"facebook.com","HTML/BODY/DIV[1]/DIV[1]/DIV[1]/DIV[1]/DIV[1]/DIV[1]/DIV[1]/DIV[1]/FORM[1]/TABLE[1]/TBODY[1]/TR[2]/TD[2]/INPUT[1]","https://www.facebook.com/"
"facebook.com","HTML/BODY/DIV[1]/DIV[1]/DIV[1]/DIV[1]/DIV[1]/DIV[1]/DIV[1]/DIV[1]/FORM[1]/TABLE[1]/TBODY[1]/TR[2]/TD[3]","https://www.facebook.com/"
"facebook.com","HTML/BODY/DIV[1]/DIV[1]/DIV[1]/DIV[1]/DIV[1]/DIV[1]/DIV[1]/DIV[1]/FORM[1]/TABLE[1]/TBODY[1]/TR[2]/TD[3]/LABEL[1]","https://www.facebook.com/"
"facebook.com","HTML/BODY/DIV[1]/DIV[1]/DIV[1]/DIV[1]/DIV[1]/DIV[1]/DIV[1]/DIV[1]/FORM[1]/TABLE[1]/TBODY[1]/TR[2]/TD[3]/LABEL[1]/INPUT[1]","https://www.facebook.com/"
"facebook.com","HTML/BODY/DIV[1]/DIV[1]/DIV[1]/DIV[1]/DIV[1]/DIV[1]/DIV[1]/DIV[1]/FORM[1]/TABLE[1]/TBODY[1]/TR[3]","https://www.facebook.com/"
"facebook.com","HTML/BODY/DIV[1]/DIV[1]/DIV[1]/DIV[1]/DIV[1]/DIV[1]/DIV[1]/DIV[1]/FORM[1]/TABLE[1]/TBODY[1]/TR[3]/TD[1]","https://www.facebook.com/"
"facebook.com","HTML/BODY/DIV[1]/DIV[1]/DIV[1]/DIV[1]/DIV[1]/DIV[1]/DIV[1]/DIV[1]/FORM[1]/TABLE[1]/TBODY[1]/TR[3]/TD[1]/DIV[1]","https://www.facebook.com/"
"facebook.com","HTML/BODY/DIV[1]/DIV[1]/DIV[1]/DIV[1]/DIV[1]/DIV[1]/DIV[1]/DIV[1]/FORM[1]/TABLE[1]/TBODY[1]/TR[3]/TD[1]/DIV[1]/DIV[1]","https://www.facebook.com/"
"facebook.com","HTML/BODY/DIV[1]/DIV[1]/DIV[1]/DIV[1]/DIV[1]/DIV[1]/DIV[1]/DIV[1]/FORM[1]/TABLE[1]/TBODY[1]/TR[3]/TD[1]/DIV[1]/DIV[1]/INPUT[1]","https://www.facebook.com/"
"facebook.com","HTML/BODY/DIV[1]/DIV[1]/DIV[1]/DIV[1]/DIV[1]/DIV[1]/DIV[1]/DIV[1]/FORM[1]/TABLE[1]/TBODY[1]/TR[3]/TD[1]/DIV[1]/DIV[1]/LABEL[1]","https://www.facebook.com/"
"facebook.com","HTML/BODY/DIV[1]/DIV[1]/DIV[1]/DIV[1]/DIV[1]/DIV[1]/DIV[1]/DIV[1]/FORM[1]/TABLE[1]/TBODY[1]/TR[3]/TD[1]/DIV[1]/INPUT[1]","https://www.facebook.com/"
"facebook.com","HTML/BODY/DIV[1]/DIV[1]/DIV[1]/DIV[1]/DIV[1]/DIV[1]/DIV[1]/DIV[1]/FORM[1]/TABLE[1]/TBODY[1]/TR[3]/TD[2]","https://www.facebook.com/"
"facebook.com","HTML/BODY/DIV[1]/DIV[1]/DIV[1]/DIV[1]/DIV[1]/DIV[1]/DIV[1]/DIV[1]/FORM[1]/TABLE[1]/TBODY[1]/TR[3]/TD[2]/A[1]","https://www.facebook.com/"
"facebook.com","HTML/BODY/DIV[1]/DIV[1]/DIV[1]/DIV[1]/DIV[1]/DIV[1]/DIV[1]/DIV[1]/FORM[1]/INPUT[2]","https://www.facebook.com/"
"facebook.com","HTML/BODY/DIV[1]/DIV[1]/DIV[1]/DIV[1]/DIV[1]/DIV[1]/DIV[1]/DIV[1]/FORM[1]/INPUT[3]","https://www.facebook.com/"
"facebook.com","HTML/BODY/DIV[1]/DIV[1]/DIV[1]/DIV[1]/DIV[1]/DIV[1]/DIV[1]/DIV[1]/FORM[1]/INPUT[4]","https://www.facebook.com/"
"facebook.com","HTML/BODY/DIV[1]/DIV[1]/DIV[1]/DIV[1]/DIV[1]/DIV[1]/DIV[1]/DIV[1]/FORM[1]/INPUT[5]","https://www.facebook.com/"
"facebook.com","HTML/BODY/DIV[1]/DIV[1]/DIV[1]/DIV[1]/DIV[1]/DIV[2]","https://www.facebook.com/"
"facebook.com","HTML/BODY/DIV[1]/DIV[1]/DIV[1]/DIV[1]/DIV[1]/DIV[2]/DIV[1]","https://www.facebook.com/"
"facebook.com","HTML/BODY/DIV[1]/DIV[1]/DIV[1]/DIV[1]/DIV[1]/DIV[2]/DIV[1]/DIV[1]","https://www.facebook.com/"
"facebook.com","HTML/BODY/DIV[1]/DIV[1]/DIV[1]/DIV[1]/DIV[1]/DIV[2]/DIV[1]/DIV[2]","https://www.facebook.com/"
"facebook.com","HTML/BODY/DIV[1]/DIV[1]/DIV[1]/DIV[1]/DIV[1]/DIV[2]/DIV[1]/DIV[2]/DIV[1]","https://www.facebook.com/"
"facebook.com","HTML/BODY/DIV[1]/DIV[1]/DIV[1]/DIV[1]/DIV[1]/DIV[2]/DIV[1]/DIV[2]/DIV[1]/DIV[1]","https://www.facebook.com/"
"facebook.com","HTML/BODY/DIV[1]/DIV[1]/DIV[1]/DIV[1]/DIV[1]/DIV[2]/DIV[1]/DIV[2]/DIV[1]/DIV[1]/DIV[1]","https://www.facebook.com/"
"facebook.com","HTML/BODY/DIV[1]/DIV[1]/DIV[1]/DIV[1]/DIV[1]/DIV[2]/DIV[1]/DIV[2]/DIV[1]/DIV[1]/DIV[1]/IMG[1]","https://www.facebook.com/"
"facebook.com","HTML/BODY/DIV[1]/DIV[1]/DIV[1]/DIV[1]/DIV[1]/DIV[2]/DIV[1]/DIV[2]/DIV[1]/DIV[1]/DIV[2]","https://www.facebook.com/"
"facebook.com","HTML/BODY/DIV[1]/DIV[1]/DIV[1]/DIV[1]/DIV[1]/DIV[2]/DIV[1]/DIV[2]/DIV[1]/DIV[2]","https://www.facebook.com/"
"facebook.com","HTML/BODY/DIV[1]/DIV[1]/DIV[1]/DIV[1]/DIV[1]/DIV[2]/DIV[1]/DIV[2]/DIV[1]/DIV[2]/LABEL[1]","https://www.facebook.com/"
"facebook.com","HTML/BODY/DIV[1]/DIV[2]","https://www.facebook.com/"
"facebook.com","HTML/BODY/DIV[1]/DIV[2]/DIV[1]","https://www.facebook.com/"
"facebook.com","HTML/BODY/DIV[1]/DIV[2]/DIV[1]/DIV[1]","https://www.facebook.com/"
"facebook.com","HTML/BODY/DIV[1]/DIV[2]/DIV[1]/DIV[1]/DIV[1]","https://www.facebook.com/"
"facebook.com","HTML/BODY/DIV[1]/DIV[2]/DIV[1]/DIV[1]/DIV[1]/DIV[1]","https://www.facebook.com/"
"facebook.com","HTML/BODY/DIV[1]/DIV[2]/DIV[1]/DIV[1]/DIV[1]/DIV[1]/DIV[1]","https://www.facebook.com/"
"facebook.com","HTML/BODY/DIV[1]/DIV[2]/DIV[1]/DIV[1]/DIV[1]/DIV[1]/DIV[1]/DIV[1]","https://www.facebook.com/"
"facebook.com","HTML/BODY/DIV[1]/DIV[2]/DIV[1]/DIV[1]/DIV[1]/DIV[1]/DIV[1]/DIV[1]/DIV[1]","https://www.facebook.com/"
"facebook.com","HTML/BODY/DIV[1]/DIV[2]/DIV[1]/DIV[1]/DIV[1]/DIV[1]/DIV[1]/DIV[1]/DIV[1]/DIV[1]","https://www.facebook.com/"
"facebook.com","HTML/BODY/DIV[1]/DIV[2]/DIV[1]/DIV[1]/DIV[1]/DIV[1]/DIV[1]/DIV[1]/DIV[1]/IMG[1]","https://www.facebook.com/"
"facebook.com","HTML/BODY/DIV[1]/DIV[2]/DIV[1]/DIV[1]/DIV[1]/DIV[1]/DIV[1]/DIV[2]","https://www.facebook.com/"
"facebook.com","HTML/BODY/DIV[1]/DIV[2]/DIV[1]/DIV[1]/DIV[1]/DIV[1]/DIV[1]/DIV[2]/DIV[1]","https://www.facebook.com/"
"facebook.com","HTML/BODY/DIV[1]/DIV[2]/DIV[1]/DIV[1]/DIV[1]/DIV[1]/DIV[1]/DIV[2]/DIV[1]/DIV[1]","https://www.facebook.com/"
"facebook.com","HTML/BODY/DIV[1]/DIV[2]/DIV[1]/DIV[1]/DIV[1]/DIV[1]/DIV[1]/DIV[2]/DIV[1]/DIV[2]","https://www.facebook.com/"
"facebook.com","HTML/BODY/DIV[1]/DIV[2]/DIV[1]/DIV[1]/DIV[1]/DIV[1]/DIV[1]/DIV[2]/DIV[2]","https://www.facebook.com/"
"facebook.com","HTML/BODY/DIV[1]/DIV[2]/DIV[1]/DIV[1]/DIV[1]/DIV[1]/DIV[1]/DIV[2]/DIV[2]/DIV[1]","https://www.facebook.com/"
"facebook.com","HTML/BODY/DIV[1]/DIV[2]/DIV[1]/DIV[1]/DIV[1]/DIV[1]/DIV[1]/DIV[2]/DIV[2]/DIV[1]/NOSCRIPT[1]","https://www.facebook.com/"
"facebook.com","HTML/BODY/DIV[1]/DIV[2]/DIV[1]/DIV[1]/DIV[1]/DIV[1]/DIV[1]/DIV[2]/DIV[2]/DIV[1]/DIV[1]","https://www.facebook.com/"
"facebook.com","HTML/BODY/DIV[1]/DIV[2]/DIV[1]/DIV[1]/DIV[1]/DIV[1]/DIV[1]/DIV[2]/DIV[2]/DIV[1]/DIV[1]/DIV[1]","https://www.facebook.com/"
"facebook.com","HTML/BODY/DIV[1]/DIV[2]/DIV[1]/DIV[1]/DIV[1]/DIV[1]/DIV[1]/DIV[2]/DIV[2]/DIV[1]/DIV[1]/DIV[1]/FORM[1]","https://www.facebook.com/"
"facebook.com","HTML/BODY/DIV[1]/DIV[2]/DIV[1]/DIV[1]/DIV[1]/DIV[1]/DIV[1]/DIV[2]/DIV[2]/DIV[1]/DIV[1]/DIV[1]/FORM[1]/INPUT[1]","https://www.facebook.com/"
"facebook.com","HTML/BODY/DIV[1]/DIV[2]/DIV[1]/DIV[1]/DIV[1]/DIV[1]/DIV[1]/DIV[2]/DIV[2]/DIV[1]/DIV[1]/DIV[1]/FORM[1]/DIV[1]","https://www.facebook.com/"
"facebook.com","HTML/BODY/DIV[1]/DIV[2]/DIV[1]/DIV[1]/DIV[1]/DIV[1]/DIV[1]/DIV[2]/DIV[2]/DIV[1]/DIV[1]/DIV[1]/FORM[1]/DIV[1]/DIV[1]","https://www.facebook.com/"
"facebook.com","HTML/BODY/DIV[1]/DIV[2]/DIV[1]/DIV[1]/DIV[1]/DIV[1]/DIV[1]/DIV[2]/DIV[2]/DIV[1]/DIV[1]/DIV[1]/FORM[1]/DIV[1]/DIV[1]/DIV[1]","https://www.facebook.com/"
"facebook.com","HTML/BODY/DIV[1]/DIV[2]/DIV[1]/DIV[1]/DIV[1]/DIV[1]/DIV[1]/DIV[2]/DIV[2]/DIV[1]/DIV[1]/DIV[1]/FORM[1]/DIV[1]/DIV[1]/DIV[1]/DIV[1]","https://www.facebook.com/"
"facebook.com","HTML/BODY/DIV[1]/DIV[2]/DIV[1]/DIV[1]/DIV[1]/DIV[1]/DIV[1]/DIV[2]/DIV[2]/DIV[1]/DIV[1]/DIV[1]/FORM[1]/DIV[1]/DIV[1]/DIV[1]/DIV[1]/DIV[1]","https://www.facebook.com/"
"facebook.com","HTML/BODY/DIV[1]/DIV[2]/DIV[1]/DIV[1]/DIV[1]/DIV[1]/DIV[1]/DIV[2]/DIV[2]/DIV[1]/DIV[1]/DIV[1]/FORM[1]/DIV[1]/DIV[1]/DIV[1]/DIV[1]/INPUT[1]","https://www.facebook.com/"
"facebook.com","HTML/BODY/DIV[1]/DIV[2]/DIV[1]/DIV[1]/DIV[1]/DIV[1]/DIV[1]/DIV[2]/DIV[2]/DIV[1]/DIV[1]/DIV[1]/FORM[1]/DIV[1]/DIV[1]/DIV[2]","https://www.facebook.com/"
"facebook.com","HTML/BODY/DIV[1]/DIV[2]/DIV[1]/DIV[1]/DIV[1]/DIV[1]/DIV[1]/DIV[2]/DIV[2]/DIV[1]/DIV[1]/DIV[1]/FORM[1]/DIV[1]/DIV[1]/DIV[2]/DIV[1]","https://www.facebook.com/"
"facebook.com","HTML/BODY/DIV[1]/DIV[2]/DIV[1]/DIV[1]/DIV[1]/DIV[1]/DIV[1]/DIV[2]/DIV[2]/DIV[1]/DIV[1]/DIV[1]/FORM[1]/DIV[1]/DIV[1]/DIV[2]/DIV[1]/DIV[1]","https://www.facebook.com/"
"facebook.com","HTML/BODY/DIV[1]/DIV[2]/DIV[1]/DIV[1]/DIV[1]/DIV[1]/DIV[1]/DIV[2]/DIV[2]/DIV[1]/DIV[1]/DIV[1]/FORM[1]/DIV[1]/DIV[1]/DIV[2]/DIV[1]/INPUT[1]","https://www.facebook.com/"
"facebook.com","HTML/BODY/DIV[1]/DIV[2]/DIV[1]/DIV[1]/DIV[1]/DIV[1]/DIV[1]/DIV[2]/DIV[2]/DIV[1]/DIV[1]/DIV[1]/FORM[1]/DIV[1]/DIV[2]","https://www.facebook.com/"
"facebook.com","HTML/BODY/DIV[1]/DIV[2]/DIV[1]/DIV[1]/DIV[1]/DIV[1]/DIV[1]/DIV[2]/DIV[2]/DIV[1]/DIV[1]/DIV[1]/FORM[1]/DIV[1]/DIV[2]/DIV[1]","https://www.facebook.com/"
"facebook.com","HTML/BODY/DIV[1]/DIV[2]/DIV[1]/DIV[1]/DIV[1]/DIV[1]/DIV[1]/DIV[2]/DIV[2]/DIV[1]/DIV[1]/DIV[1]/FORM[1]/DIV[1]/DIV[2]/DIV[1]/DIV[1]","https://www.facebook.com/"
"facebook.com","HTML/BODY/DIV[1]/DIV[2]/DIV[1]/DIV[1]/DIV[1]/DIV[1]/DIV[1]/DIV[2]/DIV[2]/DIV[1]/DIV[1]/DIV[1]/FORM[1]/DIV[1]/DIV[2]/DIV[1]/INPUT[1]","https://www.facebook.com/"
"facebook.com","HTML/BODY/DIV[1]/DIV[2]/DIV[1]/DIV[1]/DIV[1]/DIV[1]/DIV[1]/DIV[2]/DIV[2]/DIV[1]/DIV[1]/DIV[1]/FORM[1]/DIV[1]/DIV[3]","https://www.facebook.com/"
"facebook.com","HTML/BODY/DIV[1]/DIV[2]/DIV[1]/DIV[1]/DIV[1]/DIV[1]/DIV[1]/DIV[2]/DIV[2]/DIV[1]/DIV[1]/DIV[1]/FORM[1]/DIV[1]/DIV[3]/DIV[1]","https://www.facebook.com/"
"facebook.com","HTML/BODY/DIV[1]/DIV[2]/DIV[1]/DIV[1]/DIV[1]/DIV[1]/DIV[1]/DIV[2]/DIV[2]/DIV[1]/DIV[1]/DIV[1]/FORM[1]/DIV[1]/DIV[3]/DIV[1]/DIV[1]","https://www.facebook.com/"
"facebook.com","HTML/BODY/DIV[1]/DIV[2]/DIV[1]/DIV[1]/DIV[1]/DIV[1]/DIV[1]/DIV[2]/DIV[2]/DIV[1]/DIV[1]/DIV[1]/FORM[1]/DIV[1]/DIV[3]/DIV[1]/INPUT[1]","https://www.facebook.com/"
"facebook.com","HTML/BODY/DIV[1]/DIV[2]/DIV[1]/DIV[1]/DIV[1]/DIV[1]/DIV[1]/DIV[2]/DIV[2]/DIV[1]/DIV[1]/DIV[1]/FORM[1]/DIV[1]/DIV[4]","https://www.facebook.com/"
"facebook.com","HTML/BODY/DIV[1]/DIV[2]/DIV[1]/DIV[1]/DIV[1]/DIV[1]/DIV[1]/DIV[2]/DIV[2]/DIV[1]/DIV[1]/DIV[1]/FORM[1]/DIV[1]/DIV[4]/DIV[1]","https://www.facebook.com/"
"facebook.com","HTML/BODY/DIV[1]/DIV[2]/DIV[1]/DIV[1]/DIV[1]/DIV[1]/DIV[1]/DIV[2]/DIV[2]/DIV[1]/DIV[1]/DIV[1]/FORM[1]/DIV[1]/DIV[4]/DIV[1]/DIV[1]","https://www.facebook.com/"
"facebook.com","HTML/BODY/DIV[1]/DIV[2]/DIV[1]/DIV[1]/DIV[1]/DIV[1]/DIV[1]/DIV[2]/DIV[2]/DIV[1]/DIV[1]/DIV[1]/FORM[1]/DIV[1]/DIV[4]/DIV[1]/INPUT[1]","https://www.facebook.com/"
"facebook.com","HTML/BODY/DIV[1]/DIV[2]/DIV[1]/DIV[1]/DIV[1]/DIV[1]/DIV[1]/DIV[2]/DIV[2]/DIV[1]/DIV[1]/DIV[1]/FORM[1]/DIV[1]/DIV[5]","https://www.facebook.com/"
"facebook.com","HTML/BODY/DIV[1]/DIV[2]/DIV[1]/DIV[1]/DIV[1]/DIV[1]/DIV[1]/DIV[2]/DIV[2]/DIV[1]/DIV[1]/DIV[1]/FORM[1]/DIV[1]/DIV[5]/DIV[1]","https://www.facebook.com/"
"facebook.com","HTML/BODY/DIV[1]/DIV[2]/DIV[1]/DIV[1]/DIV[1]/DIV[1]/DIV[1]/DIV[2]/DIV[2]/DIV[1]/DIV[1]/DIV[1]/FORM[1]/DIV[1]/DIV[5]/DIV[2]","https://www.facebook.com/"
"facebook.com","HTML/BODY/DIV[1]/DIV[2]/DIV[1]/DIV[1]/DIV[1]/DIV[1]/DIV[1]/DIV[2]/DIV[2]/DIV[1]/DIV[1]/DIV[1]/FORM[1]/DIV[1]/DIV[5]/DIV[2]/SPAN[1]","https://www.facebook.com/"
"facebook.com","HTML/BODY/DIV[1]/DIV[2]/DIV[1]/DIV[1]/DIV[1]/DIV[1]/DIV[1]/DIV[2]/DIV[2]/DIV[1]/DIV[1]/DIV[1]/FORM[1]/DIV[1]/DIV[5]/DIV[2]/SPAN[1]/SPAN[1]","https://www.facebook.com/"
"facebook.com","HTML/BODY/DIV[1]/DIV[2]/DIV[1]/DIV[1]/DIV[1]/DIV[1]/DIV[1]/DIV[2]/DIV[2]/DIV[1]/DIV[1]/DIV[1]/FORM[1]/DIV[1]/DIV[5]/DIV[2]/SPAN[1]/SPAN[1]/SELECT[1]","https://www.facebook.com/"
"facebook.com","HTML/BODY/DIV[1]/DIV[2]/DIV[1]/DIV[1]/DIV[1]/DIV[1]/DIV[1]/DIV[2]/DIV[2]/DIV[1]/DIV[1]/DIV[1]/FORM[1]/DIV[1]/DIV[5]/DIV[2]/SPAN[1]/SPAN[1]/SELECT[1]/OPTION[1]","https://www.facebook.com/"
"facebook.com","HTML/BODY/DIV[1]/DIV[2]/DIV[1]/DIV[1]/DIV[1]/DIV[1]/DIV[1]/DIV[2]/DIV[2]/DIV[1]/DIV[1]/DIV[1]/FORM[1]/DIV[1]/DIV[5]/DIV[2]/SPAN[1]/SPAN[1]/SELECT[1]/OPTION[2]","https://www.facebook.com/"
"facebook.com","HTML/BODY/DIV[1]/DIV[2]/DIV[1]/DIV[1]/DIV[1]/DIV[1]/DIV[1]/DIV[2]/DIV[2]/DIV[1]/DIV[1]/DIV[1]/FORM[1]/DIV[1]/DIV[5]/DIV[2]/SPAN[1]/SPAN[1]/SELECT[1]/OPTION[3]","https://www.facebook.com/"
"facebook.com","HTML/BODY/DIV[1]/DIV[2]/DIV[1]/DIV[1]/DIV[1]/DIV[1]/DIV[1]/DIV[2]/DIV[2]/DIV[1]/DIV[1]/DIV[1]/FORM[1]/DIV[1]/DIV[5]/DIV[2]/SPAN[1]/SPAN[1]/SELECT[1]/OPTION[4]","https://www.facebook.com/"
"facebook.com","HTML/BODY/DIV[1]/DIV[2]/DIV[1]/DIV[1]/DIV[1]/DIV[1]/DIV[1]/DIV[2]/DIV[2]/DIV[1]/DIV[1]/DIV[1]/FORM[1]/DIV[1]/DIV[5]/DIV[2]/SPAN[1]/SPAN[1]/SELECT[1]/OPTION[5]","https://www.facebook.com/"
"facebook.com","HTML/BODY/DIV[1]/DIV[2]/DIV[1]/DIV[1]/DIV[1]/DIV[1]/DIV[1]/DIV[2]/DIV[2]/DIV[1]/DIV[1]/DIV[1]/FORM[1]/DIV[1]/DIV[5]/DIV[2]/SPAN[1]/SPAN[1]/SELECT[1]/OPTION[6]","https://www.facebook.com/"
"facebook.com","HTML/BODY/DIV[1]/DIV[2]/DIV[1]/DIV[1]/DIV[1]/DIV[1]/DIV[1]/DIV[2]/DIV[2]/DIV[1]/DIV[1]/DIV[1]/FORM[1]/DIV[1]/DIV[5]/DIV[2]/SPAN[1]/SPAN[1]/SELECT[1]/OPTION[7]","https://www.facebook.com/"
"facebook.com","HTML/BODY/DIV[1]/DIV[2]/DIV[1]/DIV[1]/DIV[1]/DIV[1]/DIV[1]/DIV[2]/DIV[2]/DIV[1]/DIV[1]/DIV[1]/FORM[1]/DIV[1]/DIV[5]/DIV[2]/SPAN[1]/SPAN[1]/SELECT[1]/OPTION[8]","https://www.facebook.com/"
"facebook.com","HTML/BODY/DIV[1]/DIV[2]/DIV[1]/DIV[1]/DIV[1]/DIV[1]/DIV[1]/DIV[2]/DIV[2]/DIV[1]/DIV[1]/DIV[1]/FORM[1]/DIV[1]/DIV[5]/DIV[2]/SPAN[1]/SPAN[1]/SELECT[1]/OPTION[9]","https://www.facebook.com/"
"facebook.com","HTML/BODY/DIV[1]/DIV[2]/DIV[1]/DIV[1]/DIV[1]/DIV[1]/DIV[1]/DIV[2]/DIV[2]/DIV[1]/DIV[1]/DIV[1]/FORM[1]/DIV[1]/DIV[5]/DIV[2]/SPAN[1]/SPAN[1]/SELECT[1]/OPTION[10]","https://www.facebook.com/"
"facebook.com","HTML/BODY/DIV[1]/DIV[2]/DIV[1]/DIV[1]/DIV[1]/DIV[1]/DIV[1]/DIV[2]/DIV[2]/DIV[1]/DIV[1]/DIV[1]/FORM[1]/DIV[1]/DIV[5]/DIV[2]/SPAN[1]/SPAN[1]/SELECT[1]/OPTION[11]","https://www.facebook.com/"
"facebook.com","HTML/BODY/DIV[1]/DIV[2]/DIV[1]/DIV[1]/DIV[1]/DIV[1]/DIV[1]/DIV[2]/DIV[2]/DIV[1]/DIV[1]/DIV[1]/FORM[1]/DIV[1]/DIV[5]/DIV[2]/SPAN[1]/SPAN[1]/SELECT[1]/OPTION[12]","https://www.facebook.com/"
"facebook.com","HTML/BODY/DIV[1]/DIV[2]/DIV[1]/DIV[1]/DIV[1]/DIV[1]/DIV[1]/DIV[2]/DIV[2]/DIV[1]/DIV[1]/DIV[1]/FORM[1]/DIV[1]/DIV[5]/DIV[2]/SPAN[1]/SPAN[1]/SELECT[1]/OPTION[13]","https://www.facebook.com/"
"facebook.com","HTML/BODY/DIV[1]/DIV[2]/DIV[1]/DIV[1]/DIV[1]/DIV[1]/DIV[1]/DIV[2]/DIV[2]/DIV[1]/DIV[1]/DIV[1]/FORM[1]/DIV[1]/DIV[5]/DIV[2]/SPAN[1]/SPAN[1]/SELECT[2]","https://www.facebook.com/"
"facebook.com","HTML/BODY/DIV[1]/DIV[2]/DIV[1]/DIV[1]/DIV[1]/DIV[1]/DIV[1]/DIV[2]/DIV[2]/DIV[1]/DIV[1]/DIV[1]/FORM[1]/DIV[1]/DIV[5]/DIV[2]/SPAN[1]/SPAN[1]/SELECT[2]/OPTION[1]","https://www.facebook.com/"
"facebook.com","HTML/BODY/DIV[1]/DIV[2]/DIV[1]/DIV[1]/DIV[1]/DIV[1]/DIV[1]/DIV[2]/DIV[2]/DIV[1]/DIV[1]/DIV[1]/FORM[1]/DIV[1]/DIV[5]/DIV[2]/SPAN[1]/SPAN[1]/SELECT[2]/OPTION[2]","https://www.facebook.com/"
"facebook.com","HTML/BODY/DIV[1]/DIV[2]/DIV[1]/DIV[1]/DIV[1]/DIV[1]/DIV[1]/DIV[2]/DIV[2]/DIV[1]/DIV[1]/DIV[1]/FORM[1]/DIV[1]/DIV[5]/DIV[2]/SPAN[1]/SPAN[1]/SELECT[2]/OPTION[3]","https://www.facebook.com/"
"facebook.com","HTML/BODY/DIV[1]/DIV[2]/DIV[1]/DIV[1]/DIV[1]/DIV[1]/DIV[1]/DIV[2]/DIV[2]/DIV[1]/DIV[1]/DIV[1]/FORM[1]/DIV[1]/DIV[5]/DIV[2]/SPAN[1]/SPAN[1]/SELECT[2]/OPTION[4]","https://www.facebook.com/"
"facebook.com","HTML/BODY/DIV[1]/DIV[2]/DIV[1]/DIV[1]/DIV[1]/DIV[1]/DIV[1]/DIV[2]/DIV[2]/DIV[1]/DIV[1]/DIV[1]/FORM[1]/DIV[1]/DIV[5]/DIV[2]/SPAN[1]/SPAN[1]/SELECT[2]/OPTION[5]","https://www.facebook.com/"
"facebook.com","HTML/BODY/DIV[1]/DIV[2]/DIV[1]/DIV[1]/DIV[1]/DIV[1]/DIV[1]/DIV[2]/DIV[2]/DIV[1]/DIV[1]/DIV[1]/FORM[1]/DIV[1]/DIV[5]/DIV[2]/SPAN[1]/SPAN[1]/SELECT[2]/OPTION[6]","https://www.facebook.com/"
"facebook.com","HTML/BODY/DIV[1]/DIV[2]/DIV[1]/DIV[1]/DIV[1]/DIV[1]/DIV[1]/DIV[2]/DIV[2]/DIV[1]/DIV[1]/DIV[1]/FORM[1]/DIV[1]/DIV[5]/DIV[2]/SPAN[1]/SPAN[1]/SELECT[2]/OPTION[7]","https://www.facebook.com/"
"facebook.com","HTML/BODY/DIV[1]/DIV[2]/DIV[1]/DIV[1]/DIV[1]/DIV[1]/DIV[1]/DIV[2]/DIV[2]/DIV[1]/DIV[1]/DIV[1]/FORM[1]/DIV[1]/DIV[5]/DIV[2]/SPAN[1]/SPAN[1]/SELECT[2]/OPTION[8]","https://www.facebook.com/"
"facebook.com","HTML/BODY/DIV[1]/DIV[2]/DIV[1]/DIV[1]/DIV[1]/DIV[1]/DIV[1]/DIV[2]/DIV[2]/DIV[1]/DIV[1]/DIV[1]/FORM[1]/DIV[1]/DIV[5]/DIV[2]/SPAN[1]/SPAN[1]/SELECT[2]/OPTION[9]","https://www.facebook.com/"
"facebook.com","HTML/BODY/DIV[1]/DIV[2]/DIV[1]/DIV[1]/DIV[1]/DIV[1]/DIV[1]/DIV[2]/DIV[2]/DIV[1]/DIV[1]/DIV[1]/FORM[1]/DIV[1]/DIV[5]/DIV[2]/SPAN[1]/SPAN[1]/SELECT[2]/OPTION[10]","https://www.facebook.com/"
"facebook.com","HTML/BODY/DIV[1]/DIV[2]/DIV[1]/DIV[1]/DIV[1]/DIV[1]/DIV[1]/DIV[2]/DIV[2]/DIV[1]/DIV[1]/DIV[1]/FORM[1]/DIV[1]/DIV[5]/DIV[2]/SPAN[1]/SPAN[1]/SELECT[2]/OPTION[11]","https://www.facebook.com/"
"facebook.com","HTML/BODY/DIV[1]/DIV[2]/DIV[1]/DIV[1]/DIV[1]/DIV[1]/DIV[1]/DIV[2]/DIV[2]/DIV[1]/DIV[1]/DIV[1]/FORM[1]/DIV[1]/DIV[5]/DIV[2]/SPAN[1]/SPAN[1]/SELECT[2]/OPTION[12]","https://www.facebook.com/"
"facebook.com","HTML/BODY/DIV[1]/DIV[2]/DIV[1]/DIV[1]/DIV[1]/DIV[1]/DIV[1]/DIV[2]/DIV[2]/DIV[1]/DIV[1]/DIV[1]/FORM[1]/DIV[1]/DIV[5]/DIV[2]/SPAN[1]/SPAN[1]/SELECT[2]/OPTION[13]","https://www.facebook.com/"
"facebook.com","HTML/BODY/DIV[1]/DIV[2]/DIV[1]/DIV[1]/DIV[1]/DIV[1]/DIV[1]/DIV[2]/DIV[2]/DIV[1]/DIV[1]/DIV[1]/FORM[1]/DIV[1]/DIV[5]/DIV[2]/SPAN[1]/SPAN[1]/SELECT[2]/OPTION[14]","https://www.facebook.com/"
"facebook.com","HTML/BODY/DIV[1]/DIV[2]/DIV[1]/DIV[1]/DIV[1]/DIV[1]/DIV[1]/DIV[2]/DIV[2]/DIV[1]/DIV[1]/DIV[1]/FORM[1]/DIV[1]/DIV[5]/DIV[2]/SPAN[1]/SPAN[1]/SELECT[2]/OPTION[15]","https://www.facebook.com/"
"facebook.com","HTML/BODY/DIV[1]/DIV[2]/DIV[1]/DIV[1]/DIV[1]/DIV[1]/DIV[1]/DIV[2]/DIV[2]/DIV[1]/DIV[1]/DIV[1]/FORM[1]/DIV[1]/DIV[5]/DIV[2]/SPAN[1]/SPAN[1]/SELECT[2]/OPTION[16]","https://www.facebook.com/"
"facebook.com","HTML/BODY/DIV[1]/DIV[2]/DIV[1]/DIV[1]/DIV[1]/DIV[1]/DIV[1]/DIV[2]/DIV[2]/DIV[1]/DIV[1]/DIV[1]/FORM[1]/DIV[1]/DIV[5]/DIV[2]/SPAN[1]/SPAN[1]/SELECT[2]/OPTION[17]","https://www.facebook.com/"
"facebook.com","HTML/BODY/DIV[1]/DIV[2]/DIV[1]/DIV[1]/DIV[1]/DIV[1]/DIV[1]/DIV[2]/DIV[2]/DIV[1]/DIV[1]/DIV[1]/FORM[1]/DIV[1]/DIV[5]/DIV[2]/SPAN[1]/SPAN[1]/SELECT[2]/OPTION[18]","https://www.facebook.com/"
"facebook.com","HTML/BODY/DIV[1]/DIV[2]/DIV[1]/DIV[1]/DIV[1]/DIV[1]/DIV[1]/DIV[2]/DIV[2]/DIV[1]/DIV[1]/DIV[1]/FORM[1]/DIV[1]/DIV[5]/DIV[2]/SPAN[1]/SPAN[1]/SELECT[2]/OPTION[19]","https://www.facebook.com/"
"facebook.com","HTML/BODY/DIV[1]/DIV[2]/DIV[1]/DIV[1]/DIV[1]/DIV[1]/DIV[1]/DIV[2]/DIV[2]/DIV[1]/DIV[1]/DIV[1]/FORM[1]/DIV[1]/DIV[5]/DIV[2]/SPAN[1]/SPAN[1]/SELECT[2]/OPTION[20]","https://www.facebook.com/"
"facebook.com","HTML/BODY/DIV[1]/DIV[2]/DIV[1]/DIV[1]/DIV[1]/DIV[1]/DIV[1]/DIV[2]/DIV[2]/DIV[1]/DIV[1]/DIV[1]/FORM[1]/DIV[1]/DIV[5]/DIV[2]/SPAN[1]/SPAN[1]/SELECT[2]/OPTION[21]","https://www.facebook.com/"
"facebook.com","HTML/BODY/DIV[1]/DIV[2]/DIV[1]/DIV[1]/DIV[1]/DIV[1]/DIV[1]/DIV[2]/DIV[2]/DIV[1]/DIV[1]/DIV[1]/FORM[1]/DIV[1]/DIV[5]/DIV[2]/SPAN[1]/SPAN[1]/SELECT[2]/OPTION[22]","https://www.facebook.com/"
"facebook.com","HTML/BODY/DIV[1]/DIV[2]/DIV[1]/DIV[1]/DIV[1]/DIV[1]/DIV[1]/DIV[2]/DIV[2]/DIV[1]/DIV[1]/DIV[1]/FORM[1]/DIV[1]/DIV[5]/DIV[2]/SPAN[1]/SPAN[1]/SELECT[2]/OPTION[23]","https://www.facebook.com/"
"facebook.com","HTML/BODY/DIV[1]/DIV[2]/DIV[1]/DIV[1]/DIV[1]/DIV[1]/DIV[1]/DIV[2]/DIV[2]/DIV[1]/DIV[1]/DIV[1]/FORM[1]/DIV[1]/DIV[5]/DIV[2]/SPAN[1]/SPAN[1]/SELECT[2]/OPTION[24]","https://www.facebook.com/"
"facebook.com","HTML/BODY/DIV[1]/DIV[2]/DIV[1]/DIV[1]/DIV[1]/DIV[1]/DIV[1]/DIV[2]/DIV[2]/DIV[1]/DIV[1]/DIV[1]/FORM[1]/DIV[1]/DIV[5]/DIV[2]/SPAN[1]/SPAN[1]/SELECT[2]/OPTION[25]","https://www.facebook.com/"
"facebook.com","HTML/BODY/DIV[1]/DIV[2]/DIV[1]/DIV[1]/DIV[1]/DIV[1]/DIV[1]/DIV[2]/DIV[2]/DIV[1]/DIV[1]/DIV[1]/FORM[1]/DIV[1]/DIV[5]/DIV[2]/SPAN[1]/SPAN[1]/SELECT[2]/OPTION[26]","https://www.facebook.com/"
"facebook.com","HTML/BODY/DIV[1]/DIV[2]/DIV[1]/DIV[1]/DIV[1]/DIV[1]/DIV[1]/DIV[2]/DIV[2]/DIV[1]/DIV[1]/DIV[1]/FORM[1]/DIV[1]/DIV[5]/DIV[2]/SPAN[1]/SPAN[1]/SELECT[2]/OPTION[27]","https://www.facebook.com/"
"facebook.com","HTML/BODY/DIV[1]/DIV[2]/DIV[1]/DIV[1]/DIV[1]/DIV[1]/DIV[1]/DIV[2]/DIV[2]/DIV[1]/DIV[1]/DIV[1]/FORM[1]/DIV[1]/DIV[5]/DIV[2]/SPAN[1]/SPAN[1]/SELECT[2]/OPTION[28]","https://www.facebook.com/"
"facebook.com","HTML/BODY/DIV[1]/DIV[2]/DIV[1]/DIV[1]/DIV[1]/DIV[1]/DIV[1]/DIV[2]/DIV[2]/DIV[1]/DIV[1]/DIV[1]/FORM[1]/DIV[1]/DIV[5]/DIV[2]/SPAN[1]/SPAN[1]/SELECT[2]/OPTION[29]","https://www.facebook.com/"
"facebook.com","HTML/BODY/DIV[1]/DIV[2]/DIV[1]/DIV[1]/DIV[1]/DIV[1]/DIV[1]/DIV[2]/DIV[2]/DIV[1]/DIV[1]/DIV[1]/FORM[1]/DIV[1]/DIV[5]/DIV[2]/SPAN[1]/SPAN[1]/SELECT[2]/OPTION[30]","https://www.facebook.com/"
"facebook.com","HTML/BODY/DIV[1]/DIV[2]/DIV[1]/DIV[1]/DIV[1]/DIV[1]/DIV[1]/DIV[2]/DIV[2]/DIV[1]/DIV[1]/DIV[1]/FORM[1]/DIV[1]/DIV[5]/DIV[2]/SPAN[1]/SPAN[1]/SELECT[2]/OPTION[31]","https://www.facebook.com/"
"facebook.com","HTML/BODY/DIV[1]/DIV[2]/DIV[1]/DIV[1]/DIV[1]/DIV[1]/DIV[1]/DIV[2]/DIV[2]/DIV[1]/DIV[1]/DIV[1]/FORM[1]/DIV[1]/DIV[5]/DIV[2]/SPAN[1]/SPAN[1]/SELECT[2]/OPTION[32]","https://www.facebook.com/"
"facebook.com","HTML/BODY/DIV[1]/DIV[2]/DIV[1]/DIV[1]/DIV[1]/DIV[1]/DIV[1]/DIV[2]/DIV[2]/DIV[1]/DIV[1]/DIV[1]/FORM[1]/DIV[1]/DIV[5]/DIV[2]/SPAN[1]/SPAN[1]/SELECT[3]","https://www.facebook.com/"
"facebook.com","HTML/BODY/DIV[1]/DIV[2]/DIV[1]/DIV[1]/DIV[1]/DIV[1]/DIV[1]/DIV[2]/DIV[2]/DIV[1]/DIV[1]/DIV[1]/FORM[1]/DIV[1]/DIV[5]/DIV[2]/SPAN[1]/SPAN[1]/SELECT[3]/OPTION[1]","https://www.facebook.com/"
"facebook.com","HTML/BODY/DIV[1]/DIV[2]/DIV[1]/DIV[1]/DIV[1]/DIV[1]/DIV[1]/DIV[2]/DIV[2]/DIV[1]/DIV[1]/DIV[1]/FORM[1]/DIV[1]/DIV[5]/DIV[2]/SPAN[1]/SPAN[1]/SELECT[3]/OPTION[2]","https://www.facebook.com/"
"facebook.com","HTML/BODY/DIV[1]/DIV[2]/DIV[1]/DIV[1]/DIV[1]/DIV[1]/DIV[1]/DIV[2]/DIV[2]/DIV[1]/DIV[1]/DIV[1]/FORM[1]/DIV[1]/DIV[5]/DIV[2]/SPAN[1]/SPAN[1]/SELECT[3]/OPTION[3]","https://www.facebook.com/"
"facebook.com","HTML/BODY/DIV[1]/DIV[2]/DIV[1]/DIV[1]/DIV[1]/DIV[1]/DIV[1]/DIV[2]/DIV[2]/DIV[1]/DIV[1]/DIV[1]/FORM[1]/DIV[1]/DIV[5]/DIV[2]/SPAN[1]/SPAN[1]/SELECT[3]/OPTION[4]","https://www.facebook.com/"
"facebook.com","HTML/BODY/DIV[1]/DIV[2]/DIV[1]/DIV[1]/DIV[1]/DIV[1]/DIV[1]/DIV[2]/DIV[2]/DIV[1]/DIV[1]/DIV[1]/FORM[1]/DIV[1]/DIV[5]/DIV[2]/SPAN[1]/SPAN[1]/SELECT[3]/OPTION[5]","https://www.facebook.com/"
"facebook.com","HTML/BODY/DIV[1]/DIV[2]/DIV[1]/DIV[1]/DIV[1]/DIV[1]/DIV[1]/DIV[2]/DIV[2]/DIV[1]/DIV[1]/DIV[1]/FORM[1]/DIV[1]/DIV[5]/DIV[2]/SPAN[1]/SPAN[1]/SELECT[3]/OPTION[6]","https://www.facebook.com/"
"facebook.com","HTML/BODY/DIV[1]/DIV[2]/DIV[1]/DIV[1]/DIV[1]/DIV[1]/DIV[1]/DIV[2]/DIV[2]/DIV[1]/DIV[1]/DIV[1]/FORM[1]/DIV[1]/DIV[5]/DIV[2]/SPAN[1]/SPAN[1]/SELECT[3]/OPTION[7]","https://www.facebook.com/"
"facebook.com","HTML/BODY/DIV[1]/DIV[2]/DIV[1]/DIV[1]/DIV[1]/DIV[1]/DIV[1]/DIV[2]/DIV[2]/DIV[1]/DIV[1]/DIV[1]/FORM[1]/DIV[1]/DIV[5]/DIV[2]/SPAN[1]/SPAN[1]/SELECT[3]/OPTION[8]","https://www.facebook.com/"
"facebook.com","HTML/BODY/DIV[1]/DIV[2]/DIV[1]/DIV[1]/DIV[1]/DIV[1]/DIV[1]/DIV[2]/DIV[2]/DIV[1]/DIV[1]/DIV[1]/FORM[1]/DIV[1]/DIV[5]/DIV[2]/SPAN[1]/SPAN[1]/SELECT[3]/OPTION[9]","https://www.facebook.com/"
"facebook.com","HTML/BODY/DIV[1]/DIV[2]/DIV[1]/DIV[1]/DIV[1]/DIV[1]/DIV[1]/DIV[2]/DIV[2]/DIV[1]/DIV[1]/DIV[1]/FORM[1]/DIV[1]/DIV[5]/DIV[2]/SPAN[1]/SPAN[1]/SELECT[3]/OPTION[10]","https://www.facebook.com/"
"facebook.com","HTML/BODY/DIV[1]/DIV[2]/DIV[1]/DIV[1]/DIV[1]/DIV[1]/DIV[1]/DIV[2]/DIV[2]/DIV[1]/DIV[1]/DIV[1]/FORM[1]/DIV[1]/DIV[5]/DIV[2]/SPAN[1]/SPAN[1]/SELECT[3]/OPTION[11]","https://www.facebook.com/"
"facebook.com","HTML/BODY/DIV[1]/DIV[2]/DIV[1]/DIV[1]/DIV[1]/DIV[1]/DIV[1]/DIV[2]/DIV[2]/DIV[1]/DIV[1]/DIV[1]/FORM[1]/DIV[1]/DIV[5]/DIV[2]/SPAN[1]/SPAN[1]/SELECT[3]/OPTION[12]","https://www.facebook.com/"
"facebook.com","HTML/BODY/DIV[1]/DIV[2]/DIV[1]/DIV[1]/DIV[1]/DIV[1]/DIV[1]/DIV[2]/DIV[2]/DIV[1]/DIV[1]/DIV[1]/FORM[1]/DIV[1]/DIV[5]/DIV[2]/SPAN[1]/SPAN[1]/SELECT[3]/OPTION[13]","https://www.facebook.com/"
"facebook.com","HTML/BODY/DIV[1]/DIV[2]/DIV[1]/DIV[1]/DIV[1]/DIV[1]/DIV[1]/DIV[2]/DIV[2]/DIV[1]/DIV[1]/DIV[1]/FORM[1]/DIV[1]/DIV[5]/DIV[2]/SPAN[1]/SPAN[1]/SELECT[3]/OPTION[14]","https://www.facebook.com/"
"facebook.com","HTML/BODY/DIV[1]/DIV[2]/DIV[1]/DIV[1]/DIV[1]/DIV[1]/DIV[1]/DIV[2]/DIV[2]/DIV[1]/DIV[1]/DIV[1]/FORM[1]/DIV[1]/DIV[5]/DIV[2]/SPAN[1]/SPAN[1]/SELECT[3]/OPTION[15]","https://www.facebook.com/"
"facebook.com","HTML/BODY/DIV[1]/DIV[2]/DIV[1]/DIV[1]/DIV[1]/DIV[1]/DIV[1]/DIV[2]/DIV[2]/DIV[1]/DIV[1]/DIV[1]/FORM[1]/DIV[1]/DIV[5]/DIV[2]/SPAN[1]/SPAN[1]/SELECT[3]/OPTION[16]","https://www.facebook.com/"
"facebook.com","HTML/BODY/DIV[1]/DIV[2]/DIV[1]/DIV[1]/DIV[1]/DIV[1]/DIV[1]/DIV[2]/DIV[2]/DIV[1]/DIV[1]/DIV[1]/FORM[1]/DIV[1]/DIV[5]/DIV[2]/SPAN[1]/SPAN[1]/SELECT[3]/OPTION[17]","https://www.facebook.com/"
"facebook.com","HTML/BODY/DIV[1]/DIV[2]/DIV[1]/DIV[1]/DIV[1]/DIV[1]/DIV[1]/DIV[2]/DIV[2]/DIV[1]/DIV[1]/DIV[1]/FORM[1]/DIV[1]/DIV[5]/DIV[2]/SPAN[1]/SPAN[1]/SELECT[3]/OPTION[18]","https://www.facebook.com/"
"facebook.com","HTML/BODY/DIV[1]/DIV[2]/DIV[1]/DIV[1]/DIV[1]/DIV[1]/DIV[1]/DIV[2]/DIV[2]/DIV[1]/DIV[1]/DIV[1]/FORM[1]/DIV[1]/DIV[5]/DIV[2]/SPAN[1]/SPAN[1]/SELECT[3]/OPTION[19]","https://www.facebook.com/"
"facebook.com","HTML/BODY/DIV[1]/DIV[2]/DIV[1]/DIV[1]/DIV[1]/DIV[1]/DIV[1]/DIV[2]/DIV[2]/DIV[1]/DIV[1]/DIV[1]/FORM[1]/DIV[1]/DIV[5]/DIV[2]/SPAN[1]/SPAN[1]/SELECT[3]/OPTION[20]","https://www.facebook.com/"
"facebook.com","HTML/BODY/DIV[1]/DIV[2]/DIV[1]/DIV[1]/DIV[1]/DIV[1]/DIV[1]/DIV[2]/DIV[2]/DIV[1]/DIV[1]/DIV[1]/FORM[1]/DIV[1]/DIV[5]/DIV[2]/SPAN[1]/SPAN[1]/SELECT[3]/OPTION[21]","https://www.facebook.com/"
"facebook.com","HTML/BODY/DIV[1]/DIV[2]/DIV[1]/DIV[1]/DIV[1]/DIV[1]/DIV[1]/DIV[2]/DIV[2]/DIV[1]/DIV[1]/DIV[1]/FORM[1]/DIV[1]/DIV[5]/DIV[2]/SPAN[1]/SPAN[1]/SELECT[3]/OPTION[22]","https://www.facebook.com/"
"facebook.com","HTML/BODY/DIV[1]/DIV[2]/DIV[1]/DIV[1]/DIV[1]/DIV[1]/DIV[1]/DIV[2]/DIV[2]/DIV[1]/DIV[1]/DIV[1]/FORM[1]/DIV[1]/DIV[5]/DIV[2]/SPAN[1]/SPAN[1]/SELECT[3]/OPTION[23]","https://www.facebook.com/"
"facebook.com","HTML/BODY/DIV[1]/DIV[2]/DIV[1]/DIV[1]/DIV[1]/DIV[1]/DIV[1]/DIV[2]/DIV[2]/DIV[1]/DIV[1]/DIV[1]/FORM[1]/DIV[1]/DIV[5]/DIV[2]/SPAN[1]/SPAN[1]/SELECT[3]/OPTION[24]","https://www.facebook.com/"
"facebook.com","HTML/BODY/DIV[1]/DIV[2]/DIV[1]/DIV[1]/DIV[1]/DIV[1]/DIV[1]/DIV[2]/DIV[2]/DIV[1]/DIV[1]/DIV[1]/FORM[1]/DIV[1]/DIV[5]/DIV[2]/SPAN[1]/SPAN[1]/SELECT[3]/OPTION[25]","https://www.facebook.com/"
"facebook.com","HTML/BODY/DIV[1]/DIV[2]/DIV[1]/DIV[1]/DIV[1]/DIV[1]/DIV[1]/DIV[2]/DIV[2]/DIV[1]/DIV[1]/DIV[1]/FORM[1]/DIV[1]/DIV[5]/DIV[2]/SPAN[1]/SPAN[1]/SELECT[3]/OPTION[26]","https://www.facebook.com/"
"facebook.com","HTML/BODY/DIV[1]/DIV[2]/DIV[1]/DIV[1]/DIV[1]/DIV[1]/DIV[1]/DIV[2]/DIV[2]/DIV[1]/DIV[1]/DIV[1]/FORM[1]/DIV[1]/DIV[5]/DIV[2]/SPAN[1]/SPAN[1]/SELECT[3]/OPTION[27]","https://www.facebook.com/"
"facebook.com","HTML/BODY/DIV[1]/DIV[2]/DIV[1]/DIV[1]/DIV[1]/DIV[1]/DIV[1]/DIV[2]/DIV[2]/DIV[1]/DIV[1]/DIV[1]/FORM[1]/DIV[1]/DIV[5]/DIV[2]/SPAN[1]/SPAN[1]/SELECT[3]/OPTION[28]","https://www.facebook.com/"
"facebook.com","HTML/BODY/DIV[1]/DIV[2]/DIV[1]/DIV[1]/DIV[1]/DIV[1]/DIV[1]/DIV[2]/DIV[2]/DIV[1]/DIV[1]/DIV[1]/FORM[1]/DIV[1]/DIV[5]/DIV[2]/SPAN[1]/SPAN[1]/SELECT[3]/OPTION[29]","https://www.facebook.com/"
"facebook.com","HTML/BODY/DIV[1]/DIV[2]/DIV[1]/DIV[1]/DIV[1]/DIV[1]/DIV[1]/DIV[2]/DIV[2]/DIV[1]/DIV[1]/DIV[1]/FORM[1]/DIV[1]/DIV[5]/DIV[2]/SPAN[1]/SPAN[1]/SELECT[3]/OPTION[30]","https://www.facebook.com/"
"facebook.com","HTML/BODY/DIV[1]/DIV[2]/DIV[1]/DIV[1]/DIV[1]/DIV[1]/DIV[1]/DIV[2]/DIV[2]/DIV[1]/DIV[1]/DIV[1]/FORM[1]/DIV[1]/DIV[5]/DIV[2]/SPAN[1]/SPAN[1]/SELECT[3]/OPTION[31]","https://www.facebook.com/"
"facebook.com","HTML/BODY/DIV[1]/DIV[2]/DIV[1]/DIV[1]/DIV[1]/DIV[1]/DIV[1]/DIV[2]/DIV[2]/DIV[1]/DIV[1]/DIV[1]/FORM[1]/DIV[1]/DIV[5]/DIV[2]/SPAN[1]/SPAN[1]/SELECT[3]/OPTION[32]","https://www.facebook.com/"
"facebook.com","HTML/BODY/DIV[1]/DIV[2]/DIV[1]/DIV[1]/DIV[1]/DIV[1]/DIV[1]/DIV[2]/DIV[2]/DIV[1]/DIV[1]/DIV[1]/FORM[1]/DIV[1]/DIV[5]/DIV[2]/SPAN[1]/SPAN[1]/SELECT[3]/OPTION[33]","https://www.facebook.com/"
"facebook.com","HTML/BODY/DIV[1]/DIV[2]/DIV[1]/DIV[1]/DIV[1]/DIV[1]/DIV[1]/DIV[2]/DIV[2]/DIV[1]/DIV[1]/DIV[1]/FORM[1]/DIV[1]/DIV[5]/DIV[2]/SPAN[1]/SPAN[1]/SELECT[3]/OPTION[34]","https://www.facebook.com/"
"facebook.com","HTML/BODY/DIV[1]/DIV[2]/DIV[1]/DIV[1]/DIV[1]/DIV[1]/DIV[1]/DIV[2]/DIV[2]/DIV[1]/DIV[1]/DIV[1]/FORM[1]/DIV[1]/DIV[5]/DIV[2]/SPAN[1]/SPAN[1]/SELECT[3]/OPTION[35]","https://www.facebook.com/"
"facebook.com","HTML/BODY/DIV[1]/DIV[2]/DIV[1]/DIV[1]/DIV[1]/DIV[1]/DIV[1]/DIV[2]/DIV[2]/DIV[1]/DIV[1]/DIV[1]/FORM[1]/DIV[1]/DIV[5]/DIV[2]/SPAN[1]/SPAN[1]/SELECT[3]/OPTION[36]","https://www.facebook.com/"
"facebook.com","HTML/BODY/DIV[1]/DIV[2]/DIV[1]/DIV[1]/DIV[1]/DIV[1]/DIV[1]/DIV[2]/DIV[2]/DIV[1]/DIV[1]/DIV[1]/FORM[1]/DIV[1]/DIV[5]/DIV[2]/SPAN[1]/SPAN[1]/SELECT[3]/OPTION[37]","https://www.facebook.com/"
"facebook.com","HTML/BODY/DIV[1]/DIV[2]/DIV[1]/DIV[1]/DIV[1]/DIV[1]/DIV[1]/DIV[2]/DIV[2]/DIV[1]/DIV[1]/DIV[1]/FORM[1]/DIV[1]/DIV[5]/DIV[2]/SPAN[1]/SPAN[1]/SELECT[3]/OPTION[38]","https://www.facebook.com/"
"facebook.com","HTML/BODY/DIV[1]/DIV[2]/DIV[1]/DIV[1]/DIV[1]/DIV[1]/DIV[1]/DIV[2]/DIV[2]/DIV[1]/DIV[1]/DIV[1]/FORM[1]/DIV[1]/DIV[5]/DIV[2]/SPAN[1]/SPAN[1]/SELECT[3]/OPTION[39]","https://www.facebook.com/"
"facebook.com","HTML/BODY/DIV[1]/DIV[2]/DIV[1]/DIV[1]/DIV[1]/DIV[1]/DIV[1]/DIV[2]/DIV[2]/DIV[1]/DIV[1]/DIV[1]/FORM[1]/DIV[1]/DIV[5]/DIV[2]/SPAN[1]/SPAN[1]/SELECT[3]/OPTION[40]","https://www.facebook.com/"
"facebook.com","HTML/BODY/DIV[1]/DIV[2]/DIV[1]/DIV[1]/DIV[1]/DIV[1]/DIV[1]/DIV[2]/DIV[2]/DIV[1]/DIV[1]/DIV[1]/FORM[1]/DIV[1]/DIV[5]/DIV[2]/SPAN[1]/SPAN[1]/SELECT[3]/OPTION[41]","https://www.facebook.com/"
"facebook.com","HTML/BODY/DIV[1]/DIV[2]/DIV[1]/DIV[1]/DIV[1]/DIV[1]/DIV[1]/DIV[2]/DIV[2]/DIV[1]/DIV[1]/DIV[1]/FORM[1]/DIV[1]/DIV[5]/DIV[2]/SPAN[1]/SPAN[1]/SELECT[3]/OPTION[42]","https://www.facebook.com/"
"facebook.com","HTML/BODY/DIV[1]/DIV[2]/DIV[1]/DIV[1]/DIV[1]/DIV[1]/DIV[1]/DIV[2]/DIV[2]/DIV[1]/DIV[1]/DIV[1]/FORM[1]/DIV[1]/DIV[5]/DIV[2]/SPAN[1]/SPAN[1]/SELECT[3]/OPTION[43]","https://www.facebook.com/"
"facebook.com","HTML/BODY/DIV[1]/DIV[2]/DIV[1]/DIV[1]/DIV[1]/DIV[1]/DIV[1]/DIV[2]/DIV[2]/DIV[1]/DIV[1]/DIV[1]/FORM[1]/DIV[1]/DIV[5]/DIV[2]/SPAN[1]/SPAN[1]/SELECT[3]/OPTION[44]","https://www.facebook.com/"
"facebook.com","HTML/BODY/DIV[1]/DIV[2]/DIV[1]/DIV[1]/DIV[1]/DIV[1]/DIV[1]/DIV[2]/DIV[2]/DIV[1]/DIV[1]/DIV[1]/FORM[1]/DIV[1]/DIV[5]/DIV[2]/SPAN[1]/SPAN[1]/SELECT[3]/OPTION[45]","https://www.facebook.com/"
"facebook.com","HTML/BODY/DIV[1]/DIV[2]/DIV[1]/DIV[1]/DIV[1]/DIV[1]/DIV[1]/DIV[2]/DIV[2]/DIV[1]/DIV[1]/DIV[1]/FORM[1]/DIV[1]/DIV[5]/DIV[2]/SPAN[1]/SPAN[1]/SELECT[3]/OPTION[46]","https://www.facebook.com/"
"facebook.com","HTML/BODY/DIV[1]/DIV[2]/DIV[1]/DIV[1]/DIV[1]/DIV[1]/DIV[1]/DIV[2]/DIV[2]/DIV[1]/DIV[1]/DIV[1]/FORM[1]/DIV[1]/DIV[5]/DIV[2]/SPAN[1]/SPAN[1]/SELECT[3]/OPTION[47]","https://www.facebook.com/"
"facebook.com","HTML/BODY/DIV[1]/DIV[2]/DIV[1]/DIV[1]/DIV[1]/DIV[1]/DIV[1]/DIV[2]/DIV[2]/DIV[1]/DIV[1]/DIV[1]/FORM[1]/DIV[1]/DIV[5]/DIV[2]/SPAN[1]/SPAN[1]/SELECT[3]/OPTION[48]","https://www.facebook.com/"
"facebook.com","HTML/BODY/DIV[1]/DIV[2]/DIV[1]/DIV[1]/DIV[1]/DIV[1]/DIV[1]/DIV[2]/DIV[2]/DIV[1]/DIV[1]/DIV[1]/FORM[1]/DIV[1]/DIV[5]/DIV[2]/SPAN[1]/SPAN[1]/SELECT[3]/OPTION[49]","https://www.facebook.com/"
"facebook.com","HTML/BODY/DIV[1]/DIV[2]/DIV[1]/DIV[1]/DIV[1]/DIV[1]/DIV[1]/DIV[2]/DIV[2]/DIV[1]/DIV[1]/DIV[1]/FORM[1]/DIV[1]/DIV[5]/DIV[2]/SPAN[1]/SPAN[1]/SELECT[3]/OPTION[50]","https://www.facebook.com/"
"facebook.com","HTML/BODY/DIV[1]/DIV[2]/DIV[1]/DIV[1]/DIV[1]/DIV[1]/DIV[1]/DIV[2]/DIV[2]/DIV[1]/DIV[1]/DIV[1]/FORM[1]/DIV[1]/DIV[5]/DIV[2]/SPAN[1]/SPAN[1]/SELECT[3]/OPTION[51]","https://www.facebook.com/"
"facebook.com","HTML/BODY/DIV[1]/DIV[2]/DIV[1]/DIV[1]/DIV[1]/DIV[1]/DIV[1]/DIV[2]/DIV[2]/DIV[1]/DIV[1]/DIV[1]/FORM[1]/DIV[1]/DIV[5]/DIV[2]/SPAN[1]/SPAN[1]/SELECT[3]/OPTION[52]","https://www.facebook.com/"
"facebook.com","HTML/BODY/DIV[1]/DIV[2]/DIV[1]/DIV[1]/DIV[1]/DIV[1]/DIV[1]/DIV[2]/DIV[2]/DIV[1]/DIV[1]/DIV[1]/FORM[1]/DIV[1]/DIV[5]/DIV[2]/SPAN[1]/SPAN[1]/SELECT[3]/OPTION[53]","https://www.facebook.com/"
"facebook.com","HTML/BODY/DIV[1]/DIV[2]/DIV[1]/DIV[1]/DIV[1]/DIV[1]/DIV[1]/DIV[2]/DIV[2]/DIV[1]/DIV[1]/DIV[1]/FORM[1]/DIV[1]/DIV[5]/DIV[2]/SPAN[1]/SPAN[1]/SELECT[3]/OPTION[54]","https://www.facebook.com/"
"facebook.com","HTML/BODY/DIV[1]/DIV[2]/DIV[1]/DIV[1]/DIV[1]/DIV[1]/DIV[1]/DIV[2]/DIV[2]/DIV[1]/DIV[1]/DIV[1]/FORM[1]/DIV[1]/DIV[5]/DIV[2]/SPAN[1]/SPAN[1]/SELECT[3]/OPTION[55]","https://www.facebook.com/"
"facebook.com","HTML/BODY/DIV[1]/DIV[2]/DIV[1]/DIV[1]/DIV[1]/DIV[1]/DIV[1]/DIV[2]/DIV[2]/DIV[1]/DIV[1]/DIV[1]/FORM[1]/DIV[1]/DIV[5]/DIV[2]/SPAN[1]/SPAN[1]/SELECT[3]/OPTION[56]","https://www.facebook.com/"
"facebook.com","HTML/BODY/DIV[1]/DIV[2]/DIV[1]/DIV[1]/DIV[1]/DIV[1]/DIV[1]/DIV[2]/DIV[2]/DIV[1]/DIV[1]/DIV[1]/FORM[1]/DIV[1]/DIV[5]/DIV[2]/SPAN[1]/SPAN[1]/SELECT[3]/OPTION[57]","https://www.facebook.com/"
"facebook.com","HTML/BODY/DIV[1]/DIV[2]/DIV[1]/DIV[1]/DIV[1]/DIV[1]/DIV[1]/DIV[2]/DIV[2]/DIV[1]/DIV[1]/DIV[1]/FORM[1]/DIV[1]/DIV[5]/DIV[2]/SPAN[1]/SPAN[1]/SELECT[3]/OPTION[58]","https://www.facebook.com/"
"facebook.com","HTML/BODY/DIV[1]/DIV[2]/DIV[1]/DIV[1]/DIV[1]/DIV[1]/DIV[1]/DIV[2]/DIV[2]/DIV[1]/DIV[1]/DIV[1]/FORM[1]/DIV[1]/DIV[5]/DIV[2]/SPAN[1]/SPAN[1]/SELECT[3]/OPTION[59]","https://www.facebook.com/"
"facebook.com","HTML/BODY/DIV[1]/DIV[2]/DIV[1]/DIV[1]/DIV[1]/DIV[1]/DIV[1]/DIV[2]/DIV[2]/DIV[1]/DIV[1]/DIV[1]/FORM[1]/DIV[1]/DIV[5]/DIV[2]/SPAN[1]/SPAN[1]/SELECT[3]/OPTION[60]","https://www.facebook.com/"
"facebook.com","HTML/BODY/DIV[1]/DIV[2]/DIV[1]/DIV[1]/DIV[1]/DIV[1]/DIV[1]/DIV[2]/DIV[2]/DIV[1]/DIV[1]/DIV[1]/FORM[1]/DIV[1]/DIV[5]/DIV[2]/SPAN[1]/SPAN[1]/SELECT[3]/OPTION[61]","https://www.facebook.com/"
"facebook.com","HTML/BODY/DIV[1]/DIV[2]/DIV[1]/DIV[1]/DIV[1]/DIV[1]/DIV[1]/DIV[2]/DIV[2]/DIV[1]/DIV[1]/DIV[1]/FORM[1]/DIV[1]/DIV[5]/DIV[2]/SPAN[1]/SPAN[1]/SELECT[3]/OPTION[62]","https://www.facebook.com/"
"facebook.com","HTML/BODY/DIV[1]/DIV[2]/DIV[1]/DIV[1]/DIV[1]/DIV[1]/DIV[1]/DIV[2]/DIV[2]/DIV[1]/DIV[1]/DIV[1]/FORM[1]/DIV[1]/DIV[5]/DIV[2]/SPAN[1]/SPAN[1]/SELECT[3]/OPTION[63]","https://www.facebook.com/"
"facebook.com","HTML/BODY/DIV[1]/DIV[2]/DIV[1]/DIV[1]/DIV[1]/DIV[1]/DIV[1]/DIV[2]/DIV[2]/DIV[1]/DIV[1]/DIV[1]/FORM[1]/DIV[1]/DIV[5]/DIV[2]/SPAN[1]/SPAN[1]/SELECT[3]/OPTION[64]","https://www.facebook.com/"
"facebook.com","HTML/BODY/DIV[1]/DIV[2]/DIV[1]/DIV[1]/DIV[1]/DIV[1]/DIV[1]/DIV[2]/DIV[2]/DIV[1]/DIV[1]/DIV[1]/FORM[1]/DIV[1]/DIV[5]/DIV[2]/SPAN[1]/SPAN[1]/SELECT[3]/OPTION[65]","https://www.facebook.com/"
"facebook.com","HTML/BODY/DIV[1]/DIV[2]/DIV[1]/DIV[1]/DIV[1]/DIV[1]/DIV[1]/DIV[2]/DIV[2]/DIV[1]/DIV[1]/DIV[1]/FORM[1]/DIV[1]/DIV[5]/DIV[2]/SPAN[1]/SPAN[1]/SELECT[3]/OPTION[66]","https://www.facebook.com/"
"facebook.com","HTML/BODY/DIV[1]/DIV[2]/DIV[1]/DIV[1]/DIV[1]/DIV[1]/DIV[1]/DIV[2]/DIV[2]/DIV[1]/DIV[1]/DIV[1]/FORM[1]/DIV[1]/DIV[5]/DIV[2]/SPAN[1]/SPAN[1]/SELECT[3]/OPTION[67]","https://www.facebook.com/"
"facebook.com","HTML/BODY/DIV[1]/DIV[2]/DIV[1]/DIV[1]/DIV[1]/DIV[1]/DIV[1]/DIV[2]/DIV[2]/DIV[1]/DIV[1]/DIV[1]/FORM[1]/DIV[1]/DIV[5]/DIV[2]/SPAN[1]/SPAN[1]/SELECT[3]/OPTION[68]","https://www.facebook.com/"
"facebook.com","HTML/BODY/DIV[1]/DIV[2]/DIV[1]/DIV[1]/DIV[1]/DIV[1]/DIV[1]/DIV[2]/DIV[2]/DIV[1]/DIV[1]/DIV[1]/FORM[1]/DIV[1]/DIV[5]/DIV[2]/SPAN[1]/SPAN[1]/SELECT[3]/OPTION[69]","https://www.facebook.com/"
"facebook.com","HTML/BODY/DIV[1]/DIV[2]/DIV[1]/DIV[1]/DIV[1]/DIV[1]/DIV[1]/DIV[2]/DIV[2]/DIV[1]/DIV[1]/DIV[1]/FORM[1]/DIV[1]/DIV[5]/DIV[2]/SPAN[1]/SPAN[1]/SELECT[3]/OPTION[70]","https://www.facebook.com/"
"facebook.com","HTML/BODY/DIV[1]/DIV[2]/DIV[1]/DIV[1]/DIV[1]/DIV[1]/DIV[1]/DIV[2]/DIV[2]/DIV[1]/DIV[1]/DIV[1]/FORM[1]/DIV[1]/DIV[5]/DIV[2]/SPAN[1]/SPAN[1]/SELECT[3]/OPTION[71]","https://www.facebook.com/"
"facebook.com","HTML/BODY/DIV[1]/DIV[2]/DIV[1]/DIV[1]/DIV[1]/DIV[1]/DIV[1]/DIV[2]/DIV[2]/DIV[1]/DIV[1]/DIV[1]/FORM[1]/DIV[1]/DIV[5]/DIV[2]/SPAN[1]/SPAN[1]/SELECT[3]/OPTION[72]","https://www.facebook.com/"
"facebook.com","HTML/BODY/DIV[1]/DIV[2]/DIV[1]/DIV[1]/DIV[1]/DIV[1]/DIV[1]/DIV[2]/DIV[2]/DIV[1]/DIV[1]/DIV[1]/FORM[1]/DIV[1]/DIV[5]/DIV[2]/SPAN[1]/SPAN[1]/SELECT[3]/OPTION[73]","https://www.facebook.com/"
"facebook.com","HTML/BODY/DIV[1]/DIV[2]/DIV[1]/DIV[1]/DIV[1]/DIV[1]/DIV[1]/DIV[2]/DIV[2]/DIV[1]/DIV[1]/DIV[1]/FORM[1]/DIV[1]/DIV[5]/DIV[2]/SPAN[1]/SPAN[1]/SELECT[3]/OPTION[74]","https://www.facebook.com/"
"facebook.com","HTML/BODY/DIV[1]/DIV[2]/DIV[1]/DIV[1]/DIV[1]/DIV[1]/DIV[1]/DIV[2]/DIV[2]/DIV[1]/DIV[1]/DIV[1]/FORM[1]/DIV[1]/DIV[5]/DIV[2]/SPAN[1]/SPAN[1]/SELECT[3]/OPTION[75]","https://www.facebook.com/"
"facebook.com","HTML/BODY/DIV[1]/DIV[2]/DIV[1]/DIV[1]/DIV[1]/DIV[1]/DIV[1]/DIV[2]/DIV[2]/DIV[1]/DIV[1]/DIV[1]/FORM[1]/DIV[1]/DIV[5]/DIV[2]/SPAN[1]/SPAN[1]/SELECT[3]/OPTION[76]","https://www.facebook.com/"
"facebook.com","HTML/BODY/DIV[1]/DIV[2]/DIV[1]/DIV[1]/DIV[1]/DIV[1]/DIV[1]/DIV[2]/DIV[2]/DIV[1]/DIV[1]/DIV[1]/FORM[1]/DIV[1]/DIV[5]/DIV[2]/SPAN[1]/SPAN[1]/SELECT[3]/OPTION[77]","https://www.facebook.com/"
"facebook.com","HTML/BODY/DIV[1]/DIV[2]/DIV[1]/DIV[1]/DIV[1]/DIV[1]/DIV[1]/DIV[2]/DIV[2]/DIV[1]/DIV[1]/DIV[1]/FORM[1]/DIV[1]/DIV[5]/DIV[2]/SPAN[1]/SPAN[1]/SELECT[3]/OPTION[78]","https://www.facebook.com/"
"facebook.com","HTML/BODY/DIV[1]/DIV[2]/DIV[1]/DIV[1]/DIV[1]/DIV[1]/DIV[1]/DIV[2]/DIV[2]/DIV[1]/DIV[1]/DIV[1]/FORM[1]/DIV[1]/DIV[5]/DIV[2]/SPAN[1]/SPAN[1]/SELECT[3]/OPTION[79]","https://www.facebook.com/"
"facebook.com","HTML/BODY/DIV[1]/DIV[2]/DIV[1]/DIV[1]/DIV[1]/DIV[1]/DIV[1]/DIV[2]/DIV[2]/DIV[1]/DIV[1]/DIV[1]/FORM[1]/DIV[1]/DIV[5]/DIV[2]/SPAN[1]/SPAN[1]/SELECT[3]/OPTION[80]","https://www.facebook.com/"
"facebook.com","HTML/BODY/DIV[1]/DIV[2]/DIV[1]/DIV[1]/DIV[1]/DIV[1]/DIV[1]/DIV[2]/DIV[2]/DIV[1]/DIV[1]/DIV[1]/FORM[1]/DIV[1]/DIV[5]/DIV[2]/SPAN[1]/SPAN[1]/SELECT[3]/OPTION[81]","https://www.facebook.com/"
"facebook.com","HTML/BODY/DIV[1]/DIV[2]/DIV[1]/DIV[1]/DIV[1]/DIV[1]/DIV[1]/DIV[2]/DIV[2]/DIV[1]/DIV[1]/DIV[1]/FORM[1]/DIV[1]/DIV[5]/DIV[2]/SPAN[1]/SPAN[1]/SELECT[3]/OPTION[82]","https://www.facebook.com/"
"facebook.com","HTML/BODY/DIV[1]/DIV[2]/DIV[1]/DIV[1]/DIV[1]/DIV[1]/DIV[1]/DIV[2]/DIV[2]/DIV[1]/DIV[1]/DIV[1]/FORM[1]/DIV[1]/DIV[5]/DIV[2]/SPAN[1]/SPAN[1]/SELECT[3]/OPTION[83]","https://www.facebook.com/"
"facebook.com","HTML/BODY/DIV[1]/DIV[2]/DIV[1]/DIV[1]/DIV[1]/DIV[1]/DIV[1]/DIV[2]/DIV[2]/DIV[1]/DIV[1]/DIV[1]/FORM[1]/DIV[1]/DIV[5]/DIV[2]/SPAN[1]/SPAN[1]/SELECT[3]/OPTION[84]","https://www.facebook.com/"
"facebook.com","HTML/BODY/DIV[1]/DIV[2]/DIV[1]/DIV[1]/DIV[1]/DIV[1]/DIV[1]/DIV[2]/DIV[2]/DIV[1]/DIV[1]/DIV[1]/FORM[1]/DIV[1]/DIV[5]/DIV[2]/SPAN[1]/SPAN[1]/SELECT[3]/OPTION[85]","https://www.facebook.com/"
"facebook.com","HTML/BODY/DIV[1]/DIV[2]/DIV[1]/DIV[1]/DIV[1]/DIV[1]/DIV[1]/DIV[2]/DIV[2]/DIV[1]/DIV[1]/DIV[1]/FORM[1]/DIV[1]/DIV[5]/DIV[2]/SPAN[1]/SPAN[1]/SELECT[3]/OPTION[86]","https://www.facebook.com/"
"facebook.com","HTML/BODY/DIV[1]/DIV[2]/DIV[1]/DIV[1]/DIV[1]/DIV[1]/DIV[1]/DIV[2]/DIV[2]/DIV[1]/DIV[1]/DIV[1]/FORM[1]/DIV[1]/DIV[5]/DIV[2]/SPAN[1]/SPAN[1]/SELECT[3]/OPTION[87]","https://www.facebook.com/"
"facebook.com","HTML/BODY/DIV[1]/DIV[2]/DIV[1]/DIV[1]/DIV[1]/DIV[1]/DIV[1]/DIV[2]/DIV[2]/DIV[1]/DIV[1]/DIV[1]/FORM[1]/DIV[1]/DIV[5]/DIV[2]/SPAN[1]/SPAN[1]/SELECT[3]/OPTION[88]","https://www.facebook.com/"
"facebook.com","HTML/BODY/DIV[1]/DIV[2]/DIV[1]/DIV[1]/DIV[1]/DIV[1]/DIV[1]/DIV[2]/DIV[2]/DIV[1]/DIV[1]/DIV[1]/FORM[1]/DIV[1]/DIV[5]/DIV[2]/SPAN[1]/SPAN[1]/SELECT[3]/OPTION[89]","https://www.facebook.com/"
"facebook.com","HTML/BODY/DIV[1]/DIV[2]/DIV[1]/DIV[1]/DIV[1]/DIV[1]/DIV[1]/DIV[2]/DIV[2]/DIV[1]/DIV[1]/DIV[1]/FORM[1]/DIV[1]/DIV[5]/DIV[2]/SPAN[1]/SPAN[1]/SELECT[3]/OPTION[90]","https://www.facebook.com/"
"facebook.com","HTML/BODY/DIV[1]/DIV[2]/DIV[1]/DIV[1]/DIV[1]/DIV[1]/DIV[1]/DIV[2]/DIV[2]/DIV[1]/DIV[1]/DIV[1]/FORM[1]/DIV[1]/DIV[5]/DIV[2]/SPAN[1]/SPAN[1]/SELECT[3]/OPTION[91]","https://www.facebook.com/"
"facebook.com","HTML/BODY/DIV[1]/DIV[2]/DIV[1]/DIV[1]/DIV[1]/DIV[1]/DIV[1]/DIV[2]/DIV[2]/DIV[1]/DIV[1]/DIV[1]/FORM[1]/DIV[1]/DIV[5]/DIV[2]/SPAN[1]/SPAN[1]/SELECT[3]/OPTION[92]","https://www.facebook.com/"
"facebook.com","HTML/BODY/DIV[1]/DIV[2]/DIV[1]/DIV[1]/DIV[1]/DIV[1]/DIV[1]/DIV[2]/DIV[2]/DIV[1]/DIV[1]/DIV[1]/FORM[1]/DIV[1]/DIV[5]/DIV[2]/SPAN[1]/SPAN[1]/SELECT[3]/OPTION[93]","https://www.facebook.com/"
"facebook.com","HTML/BODY/DIV[1]/DIV[2]/DIV[1]/DIV[1]/DIV[1]/DIV[1]/DIV[1]/DIV[2]/DIV[2]/DIV[1]/DIV[1]/DIV[1]/FORM[1]/DIV[1]/DIV[5]/DIV[2]/SPAN[1]/SPAN[1]/SELECT[3]/OPTION[94]","https://www.facebook.com/"
"facebook.com","HTML/BODY/DIV[1]/DIV[2]/DIV[1]/DIV[1]/DIV[1]/DIV[1]/DIV[1]/DIV[2]/DIV[2]/DIV[1]/DIV[1]/DIV[1]/FORM[1]/DIV[1]/DIV[5]/DIV[2]/SPAN[1]/SPAN[1]/SELECT[3]/OPTION[95]","https://www.facebook.com/"
"facebook.com","HTML/BODY/DIV[1]/DIV[2]/DIV[1]/DIV[1]/DIV[1]/DIV[1]/DIV[1]/DIV[2]/DIV[2]/DIV[1]/DIV[1]/DIV[1]/FORM[1]/DIV[1]/DIV[5]/DIV[2]/SPAN[1]/SPAN[1]/SELECT[3]/OPTION[96]","https://www.facebook.com/"
"facebook.com","HTML/BODY/DIV[1]/DIV[2]/DIV[1]/DIV[1]/DIV[1]/DIV[1]/DIV[1]/DIV[2]/DIV[2]/DIV[1]/DIV[1]/DIV[1]/FORM[1]/DIV[1]/DIV[5]/DIV[2]/SPAN[1]/SPAN[1]/SELECT[3]/OPTION[97]","https://www.facebook.com/"
"facebook.com","HTML/BODY/DIV[1]/DIV[2]/DIV[1]/DIV[1]/DIV[1]/DIV[1]/DIV[1]/DIV[2]/DIV[2]/DIV[1]/DIV[1]/DIV[1]/FORM[1]/DIV[1]/DIV[5]/DIV[2]/SPAN[1]/SPAN[1]/SELECT[3]/OPTION[98]","https://www.facebook.com/"
"facebook.com","HTML/BODY/DIV[1]/DIV[2]/DIV[1]/DIV[1]/DIV[1]/DIV[1]/DIV[1]/DIV[2]/DIV[2]/DIV[1]/DIV[1]/DIV[1]/FORM[1]/DIV[1]/DIV[5]/DIV[2]/SPAN[1]/SPAN[1]/SELECT[3]/OPTION[99]","https://www.facebook.com/"
"facebook.com","HTML/BODY/DIV[1]/DIV[2]/DIV[1]/DIV[1]/DIV[1]/DIV[1]/DIV[1]/DIV[2]/DIV[2]/DIV[1]/DIV[1]/DIV[1]/FORM[1]/DIV[1]/DIV[5]/DIV[2]/SPAN[1]/SPAN[1]/SELECT[3]/OPTION[100]","https://www.facebook.com/"
"facebook.com","HTML/BODY/DIV[1]/DIV[2]/DIV[1]/DIV[1]/DIV[1]/DIV[1]/DIV[1]/DIV[2]/DIV[2]/DIV[1]/DIV[1]/DIV[1]/FORM[1]/DIV[1]/DIV[5]/DIV[2]/SPAN[1]/SPAN[1]/SELECT[3]/OPTION[101]","https://www.facebook.com/"
"facebook.com","HTML/BODY/DIV[1]/DIV[2]/DIV[1]/DIV[1]/DIV[1]/DIV[1]/DIV[1]/DIV[2]/DIV[2]/DIV[1]/DIV[1]/DIV[1]/FORM[1]/DIV[1]/DIV[5]/DIV[2]/SPAN[1]/SPAN[1]/SELECT[3]/OPTION[102]","https://www.facebook.com/"
"facebook.com","HTML/BODY/DIV[1]/DIV[2]/DIV[1]/DIV[1]/DIV[1]/DIV[1]/DIV[1]/DIV[2]/DIV[2]/DIV[1]/DIV[1]/DIV[1]/FORM[1]/DIV[1]/DIV[5]/DIV[2]/SPAN[1]/SPAN[1]/SELECT[3]/OPTION[103]","https://www.facebook.com/"
"facebook.com","HTML/BODY/DIV[1]/DIV[2]/DIV[1]/DIV[1]/DIV[1]/DIV[1]/DIV[1]/DIV[2]/DIV[2]/DIV[1]/DIV[1]/DIV[1]/FORM[1]/DIV[1]/DIV[5]/DIV[2]/SPAN[1]/SPAN[1]/SELECT[3]/OPTION[104]","https://www.facebook.com/"
"facebook.com","HTML/BODY/DIV[1]/DIV[2]/DIV[1]/DIV[1]/DIV[1]/DIV[1]/DIV[1]/DIV[2]/DIV[2]/DIV[1]/DIV[1]/DIV[1]/FORM[1]/DIV[1]/DIV[5]/DIV[2]/SPAN[1]/SPAN[1]/SELECT[3]/OPTION[105]","https://www.facebook.com/"
"facebook.com","HTML/BODY/DIV[1]/DIV[2]/DIV[1]/DIV[1]/DIV[1]/DIV[1]/DIV[1]/DIV[2]/DIV[2]/DIV[1]/DIV[1]/DIV[1]/FORM[1]/DIV[1]/DIV[5]/DIV[2]/SPAN[1]/SPAN[1]/SELECT[3]/OPTION[106]","https://www.facebook.com/"
"facebook.com","HTML/BODY/DIV[1]/DIV[2]/DIV[1]/DIV[1]/DIV[1]/DIV[1]/DIV[1]/DIV[2]/DIV[2]/DIV[1]/DIV[1]/DIV[1]/FORM[1]/DIV[1]/DIV[5]/DIV[2]/SPAN[1]/SPAN[1]/SELECT[3]/OPTION[107]","https://www.facebook.com/"
"facebook.com","HTML/BODY/DIV[1]/DIV[2]/DIV[1]/DIV[1]/DIV[1]/DIV[1]/DIV[1]/DIV[2]/DIV[2]/DIV[1]/DIV[1]/DIV[1]/FORM[1]/DIV[1]/DIV[5]/DIV[2]/SPAN[1]/SPAN[1]/SELECT[3]/OPTION[108]","https://www.facebook.com/"
"facebook.com","HTML/BODY/DIV[1]/DIV[2]/DIV[1]/DIV[1]/DIV[1]/DIV[1]/DIV[1]/DIV[2]/DIV[2]/DIV[1]/DIV[1]/DIV[1]/FORM[1]/DIV[1]/DIV[5]/DIV[2]/SPAN[1]/SPAN[1]/SELECT[3]/OPTION[109]","https://www.facebook.com/"
"facebook.com","HTML/BODY/DIV[1]/DIV[2]/DIV[1]/DIV[1]/DIV[1]/DIV[1]/DIV[1]/DIV[2]/DIV[2]/DIV[1]/DIV[1]/DIV[1]/FORM[1]/DIV[1]/DIV[5]/DIV[2]/SPAN[1]/SPAN[1]/SELECT[3]/OPTION[110]","https://www.facebook.com/"
"facebook.com","HTML/BODY/DIV[1]/DIV[2]/DIV[1]/DIV[1]/DIV[1]/DIV[1]/DIV[1]/DIV[2]/DIV[2]/DIV[1]/DIV[1]/DIV[1]/FORM[1]/DIV[1]/DIV[5]/DIV[2]/A[1]","https://www.facebook.com/"
"facebook.com","HTML/BODY/DIV[1]/DIV[2]/DIV[1]/DIV[1]/DIV[1]/DIV[1]/DIV[1]/DIV[2]/DIV[2]/DIV[1]/DIV[1]/DIV[1]/FORM[1]/DIV[1]/DIV[5]/DIV[2]/I[1]","https://www.facebook.com/"
"facebook.com","HTML/BODY/DIV[1]/DIV[2]/DIV[1]/DIV[1]/DIV[1]/DIV[1]/DIV[1]/DIV[2]/DIV[2]/DIV[1]/DIV[1]/DIV[1]/FORM[1]/DIV[1]/DIV[5]/DIV[2]/I[2]","https://www.facebook.com/"
"facebook.com","HTML/BODY/DIV[1]/DIV[2]/DIV[1]/DIV[1]/DIV[1]/DIV[1]/DIV[1]/DIV[2]/DIV[2]/DIV[1]/DIV[1]/DIV[1]/FORM[1]/DIV[1]/DIV[6]","https://www.facebook.com/"
"facebook.com","HTML/BODY/DIV[1]/DIV[2]/DIV[1]/DIV[1]/DIV[1]/DIV[1]/DIV[1]/DIV[2]/DIV[2]/DIV[1]/DIV[1]/DIV[1]/FORM[1]/DIV[1]/DIV[6]/SPAN[1]","https://www.facebook.com/"
"facebook.com","HTML/BODY/DIV[1]/DIV[2]/DIV[1]/DIV[1]/DIV[1]/DIV[1]/DIV[1]/DIV[2]/DIV[2]/DIV[1]/DIV[1]/DIV[1]/FORM[1]/DIV[1]/DIV[6]/SPAN[1]/SPAN[1]","https://www.facebook.com/"
"facebook.com","HTML/BODY/DIV[1]/DIV[2]/DIV[1]/DIV[1]/DIV[1]/DIV[1]/DIV[1]/DIV[2]/DIV[2]/DIV[1]/DIV[1]/DIV[1]/FORM[1]/DIV[1]/DIV[6]/SPAN[1]/SPAN[1]/INPUT[1]","https://www.facebook.com/"
"facebook.com","HTML/BODY/DIV[1]/DIV[2]/DIV[1]/DIV[1]/DIV[1]/DIV[1]/DIV[1]/DIV[2]/DIV[2]/DIV[1]/DIV[1]/DIV[1]/FORM[1]/DIV[1]/DIV[6]/SPAN[1]/SPAN[1]/LABEL[1]","https://www.facebook.com/"
"facebook.com","HTML/BODY/DIV[1]/DIV[2]/DIV[1]/DIV[1]/DIV[1]/DIV[1]/DIV[1]/DIV[2]/DIV[2]/DIV[1]/DIV[1]/DIV[1]/FORM[1]/DIV[1]/DIV[6]/SPAN[1]/SPAN[2]","https://www.facebook.com/"
"facebook.com","HTML/BODY/DIV[1]/DIV[2]/DIV[1]/DIV[1]/DIV[1]/DIV[1]/DIV[1]/DIV[2]/DIV[2]/DIV[1]/DIV[1]/DIV[1]/FORM[1]/DIV[1]/DIV[6]/SPAN[1]/SPAN[2]/INPUT[1]","https://www.facebook.com/"
"facebook.com","HTML/BODY/DIV[1]/DIV[2]/DIV[1]/DIV[1]/DIV[1]/DIV[1]/DIV[1]/DIV[2]/DIV[2]/DIV[1]/DIV[1]/DIV[1]/FORM[1]/DIV[1]/DIV[6]/SPAN[1]/SPAN[2]/LABEL[1]","https://www.facebook.com/"
"facebook.com","HTML/BODY/DIV[1]/DIV[2]/DIV[1]/DIV[1]/DIV[1]/DIV[1]/DIV[1]/DIV[2]/DIV[2]/DIV[1]/DIV[1]/DIV[1]/FORM[1]/DIV[1]/DIV[6]/I[1]","https://www.facebook.com/"
"facebook.com","HTML/BODY/DIV[1]/DIV[2]/DIV[1]/DIV[1]/DIV[1]/DIV[1]/DIV[1]/DIV[2]/DIV[2]/DIV[1]/DIV[1]/DIV[1]/FORM[1]/DIV[1]/DIV[6]/I[2]","https://www.facebook.com/"
"facebook.com","HTML/BODY/DIV[1]/DIV[2]/DIV[1]/DIV[1]/DIV[1]/DIV[1]/DIV[1]/DIV[2]/DIV[2]/DIV[1]/DIV[1]/DIV[1]/FORM[1]/DIV[1]/DIV[7]","https://www.facebook.com/"
"facebook.com","HTML/BODY/DIV[1]/DIV[2]/DIV[1]/DIV[1]/DIV[1]/DIV[1]/DIV[1]/DIV[2]/DIV[2]/DIV[1]/DIV[1]/DIV[1]/FORM[1]/DIV[1]/DIV[7]/P[1]","https://www.facebook.com/"
"facebook.com","HTML/BODY/DIV[1]/DIV[2]/DIV[1]/DIV[1]/DIV[1]/DIV[1]/DIV[1]/DIV[2]/DIV[2]/DIV[1]/DIV[1]/DIV[1]/FORM[1]/DIV[1]/DIV[7]/P[1]/A[1]","https://www.facebook.com/"
"facebook.com","HTML/BODY/DIV[1]/DIV[2]/DIV[1]/DIV[1]/DIV[1]/DIV[1]/DIV[1]/DIV[2]/DIV[2]/DIV[1]/DIV[1]/DIV[1]/FORM[1]/DIV[1]/DIV[7]/P[1]/A[2]","https://www.facebook.com/"
"facebook.com","HTML/BODY/DIV[1]/DIV[2]/DIV[1]/DIV[1]/DIV[1]/DIV[1]/DIV[1]/DIV[2]/DIV[2]/DIV[1]/DIV[1]/DIV[1]/FORM[1]/DIV[1]/DIV[7]/P[1]/A[3]","https://www.facebook.com/"
"facebook.com","HTML/BODY/DIV[1]/DIV[2]/DIV[1]/DIV[1]/DIV[1]/DIV[1]/DIV[1]/DIV[2]/DIV[2]/DIV[1]/DIV[1]/DIV[1]/FORM[1]/DIV[1]/DIV[8]","https://www.facebook.com/"
"facebook.com","HTML/BODY/DIV[1]/DIV[2]/DIV[1]/DIV[1]/DIV[1]/DIV[1]/DIV[1]/DIV[2]/DIV[2]/DIV[1]/DIV[1]/DIV[1]/FORM[1]/DIV[1]/DIV[8]/BUTTON[1]","https://www.facebook.com/"
"facebook.com","HTML/BODY/DIV[1]/DIV[2]/DIV[1]/DIV[1]/DIV[1]/DIV[1]/DIV[1]/DIV[2]/DIV[2]/DIV[1]/DIV[1]/DIV[1]/FORM[1]/DIV[1]/DIV[8]/SPAN[1]","https://www.facebook.com/"
"facebook.com","HTML/BODY/DIV[1]/DIV[2]/DIV[1]/DIV[1]/DIV[1]/DIV[1]/DIV[1]/DIV[2]/DIV[2]/DIV[1]/DIV[1]/DIV[1]/FORM[1]/DIV[1]/DIV[8]/SPAN[1]/IMG[1]","https://www.facebook.com/"
"facebook.com","HTML/BODY/DIV[1]/DIV[2]/DIV[1]/DIV[1]/DIV[1]/DIV[1]/DIV[1]/DIV[2]/DIV[2]/DIV[1]/DIV[1]/DIV[1]/FORM[1]/INPUT[2]","https://www.facebook.com/"
"facebook.com","HTML/BODY/DIV[1]/DIV[2]/DIV[1]/DIV[1]/DIV[1]/DIV[1]/DIV[1]/DIV[2]/DIV[2]/DIV[1]/DIV[1]/DIV[1]/FORM[1]/INPUT[3]","https://www.facebook.com/"
"facebook.com","HTML/BODY/DIV[1]/DIV[2]/DIV[1]/DIV[1]/DIV[1]/DIV[1]/DIV[1]/DIV[2]/DIV[2]/DIV[1]/DIV[1]/DIV[1]/FORM[1]/INPUT[4]","https://www.facebook.com/"
"facebook.com","HTML/BODY/DIV[1]/DIV[2]/DIV[1]/DIV[1]/DIV[1]/DIV[1]/DIV[1]/DIV[2]/DIV[2]/DIV[1]/DIV[1]/DIV[1]/FORM[1]/INPUT[5]","https://www.facebook.com/"
"facebook.com","HTML/BODY/DIV[1]/DIV[2]/DIV[1]/DIV[1]/DIV[1]/DIV[1]/DIV[1]/DIV[2]/DIV[2]/DIV[1]/DIV[1]/DIV[1]/FORM[1]/INPUT[6]","https://www.facebook.com/"
"facebook.com","HTML/BODY/DIV[1]/DIV[2]/DIV[1]/DIV[1]/DIV[1]/DIV[1]/DIV[1]/DIV[2]/DIV[2]/DIV[1]/DIV[1]/DIV[1]/FORM[1]/INPUT[7]","https://www.facebook.com/"
"facebook.com","HTML/BODY/DIV[1]/DIV[2]/DIV[1]/DIV[1]/DIV[1]/DIV[1]/DIV[1]/DIV[2]/DIV[2]/DIV[1]/DIV[1]/DIV[1]/FORM[1]/INPUT[8]","https://www.facebook.com/"
"facebook.com","HTML/BODY/DIV[1]/DIV[2]/DIV[1]/DIV[1]/DIV[1]/DIV[1]/DIV[1]/DIV[2]/DIV[2]/DIV[1]/DIV[1]/DIV[1]/FORM[1]/INPUT[9]","https://www.facebook.com/"
"facebook.com","HTML/BODY/DIV[1]/DIV[2]/DIV[1]/DIV[1]/DIV[1]/DIV[1]/DIV[1]/DIV[2]/DIV[2]/DIV[1]/DIV[1]/DIV[1]/FORM[1]/INPUT[10]","https://www.facebook.com/"
"facebook.com","HTML/BODY/DIV[1]/DIV[2]/DIV[1]/DIV[1]/DIV[1]/DIV[1]/DIV[1]/DIV[2]/DIV[2]/DIV[1]/DIV[1]/DIV[1]/FORM[1]/DIV[2]","https://www.facebook.com/"
"facebook.com","HTML/BODY/DIV[1]/DIV[2]/DIV[1]/DIV[1]/DIV[1]/DIV[1]/DIV[1]/DIV[2]/DIV[2]/DIV[1]/DIV[1]/DIV[1]/FORM[1]/DIV[2]/DIV[1]","https://www.facebook.com/"
"facebook.com","HTML/BODY/DIV[1]/DIV[2]/DIV[1]/DIV[1]/DIV[1]/DIV[1]/DIV[1]/DIV[2]/DIV[2]/DIV[1]/DIV[1]/DIV[1]/FORM[1]/DIV[2]/DIV[1]/H2[1]","https://www.facebook.com/"
"facebook.com","HTML/BODY/DIV[1]/DIV[2]/DIV[1]/DIV[1]/DIV[1]/DIV[1]/DIV[1]/DIV[2]/DIV[2]/DIV[1]/DIV[1]/DIV[1]/FORM[1]/DIV[2]/DIV[1]/DIV[1]","https://www.facebook.com/"
"facebook.com","HTML/BODY/DIV[1]/DIV[2]/DIV[1]/DIV[1]/DIV[1]/DIV[1]/DIV[1]/DIV[2]/DIV[2]/DIV[1]/DIV[1]/DIV[1]/FORM[1]/DIV[2]/DIV[1]/DIV[1]/DIV[1]","https://www.facebook.com/"
"facebook.com","HTML/BODY/DIV[1]/DIV[2]/DIV[1]/DIV[1]/DIV[1]/DIV[1]/DIV[1]/DIV[2]/DIV[2]/DIV[1]/DIV[1]/DIV[1]/FORM[1]/DIV[2]/DIV[1]/DIV[1]/DIV[1]/DIV[1]","https://www.facebook.com/"
"facebook.com","HTML/BODY/DIV[1]/DIV[2]/DIV[1]/DIV[1]/DIV[1]/DIV[1]/DIV[1]/DIV[2]/DIV[2]/DIV[1]/DIV[1]/DIV[1]/FORM[1]/DIV[2]/DIV[1]/DIV[1]/DIV[1]/DIV[2]","https://www.facebook.com/"
"facebook.com","HTML/BODY/DIV[1]/DIV[2]/DIV[1]/DIV[1]/DIV[1]/DIV[1]/DIV[1]/DIV[2]/DIV[2]/DIV[1]/DIV[1]/DIV[1]/FORM[1]/DIV[2]/DIV[1]/DIV[1]/DIV[1]/DIV[2]/INPUT[1]","https://www.facebook.com/"
"facebook.com","HTML/BODY/DIV[1]/DIV[2]/DIV[1]/DIV[1]/DIV[1]/DIV[1]/DIV[1]/DIV[2]/DIV[2]/DIV[1]/DIV[1]/DIV[1]/FORM[1]/DIV[2]/DIV[1]/DIV[1]/DIV[1]/DIV[2]/DIV[1]","https://www.facebook.com/"
"facebook.com","HTML/BODY/DIV[1]/DIV[2]/DIV[1]/DIV[1]/DIV[1]/DIV[1]/DIV[1]/DIV[2]/DIV[2]/DIV[1]/DIV[1]/DIV[1]/FORM[1]/DIV[2]/DIV[1]/DIV[1]/DIV[1]/DIV[2]/DIV[1]/DIV[1]","https://www.facebook.com/"
"facebook.com","HTML/BODY/DIV[1]/DIV[2]/DIV[1]/DIV[1]/DIV[1]/DIV[1]/DIV[1]/DIV[2]/DIV[2]/DIV[1]/DIV[1]/DIV[1]/FORM[1]/DIV[2]/DIV[1]/DIV[1]/DIV[1]/DIV[2]/DIV[1]/INPUT[1]","https://www.facebook.com/"
"facebook.com","HTML/BODY/DIV[1]/DIV[2]/DIV[1]/DIV[1]/DIV[1]/DIV[1]/DIV[1]/DIV[2]/DIV[2]/DIV[1]/DIV[1]/DIV[1]/FORM[1]/DIV[2]/DIV[1]/DIV[1]/DIV[1]/DIV[2]/DIV[1]/INPUT[2]","https://www.facebook.com/"
"facebook.com","HTML/BODY/DIV[1]/DIV[2]/DIV[1]/DIV[1]/DIV[1]/DIV[1]/DIV[1]/DIV[2]/DIV[2]/DIV[1]/DIV[1]/DIV[1]/FORM[1]/DIV[2]/DIV[1]/DIV[1]/DIV[1]/DIV[2]/DIV[1]/INPUT[3]","https://www.facebook.com/"
"facebook.com","HTML/BODY/DIV[1]/DIV[2]/DIV[1]/DIV[1]/DIV[1]/DIV[1]/DIV[1]/DIV[2]/DIV[2]/DIV[1]/DIV[1]/DIV[1]/FORM[1]/DIV[2]/DIV[1]/DIV[1]/DIV[1]/DIV[2]/DIV[1]/DIV[2]","https://www.facebook.com/"
"facebook.com","HTML/BODY/DIV[1]/DIV[2]/DIV[1]/DIV[1]/DIV[1]/DIV[1]/DIV[1]/DIV[2]/DIV[2]/DIV[1]/DIV[1]/DIV[1]/FORM[1]/DIV[2]/DIV[1]/DIV[1]/DIV[1]/DIV[2]/DIV[1]/DIV[2]/DIV[1]","https://www.facebook.com/"
"facebook.com","HTML/BODY/DIV[1]/DIV[2]/DIV[1]/DIV[1]/DIV[1]/DIV[1]/DIV[1]/DIV[2]/DIV[2]/DIV[1]/DIV[1]/DIV[1]/FORM[1]/DIV[2]/DIV[1]/DIV[1]/DIV[1]/DIV[2]/DIV[1]/DIV[2]/DIV[1]/BR[1]","https://www.facebook.com/"
"facebook.com","HTML/BODY/DIV[1]/DIV[2]/DIV[1]/DIV[1]/DIV[1]/DIV[1]/DIV[1]/DIV[2]/DIV[2]/DIV[1]/DIV[1]/DIV[1]/FORM[1]/DIV[2]/DIV[1]/DIV[1]/DIV[1]/DIV[2]/DIV[1]/DIV[2]/DIV[1]/A[1]","https://www.facebook.com/"
"facebook.com","HTML/BODY/DIV[1]/DIV[2]/DIV[1]/DIV[1]/DIV[1]/DIV[1]/DIV[1]/DIV[2]/DIV[2]/DIV[1]/DIV[1]/DIV[1]/FORM[1]/DIV[2]/DIV[1]/DIV[1]/DIV[1]/DIV[2]/DIV[1]/DIV[2]/DIV[1]/A[2]","https://www.facebook.com/"
"facebook.com","HTML/BODY/DIV[1]/DIV[2]/DIV[1]/DIV[1]/DIV[1]/DIV[1]/DIV[1]/DIV[2]/DIV[2]/DIV[1]/DIV[1]/DIV[1]/FORM[1]/DIV[2]/DIV[1]/DIV[1]/DIV[1]/DIV[2]/DIV[1]/DIV[2]/DIV[2]","https://www.facebook.com/"
"facebook.com","HTML/BODY/DIV[1]/DIV[2]/DIV[1]/DIV[1]/DIV[1]/DIV[1]/DIV[1]/DIV[2]/DIV[2]/DIV[1]/DIV[1]/DIV[1]/FORM[1]/DIV[2]/DIV[1]/DIV[1]/DIV[1]/DIV[2]/DIV[1]/DIV[2]/DIV[2]/BR[1]","https://www.facebook.com/"
"facebook.com","HTML/BODY/DIV[1]/DIV[2]/DIV[1]/DIV[1]/DIV[1]/DIV[1]/DIV[1]/DIV[2]/DIV[2]/DIV[1]/DIV[1]/DIV[1]/FORM[1]/DIV[2]/DIV[1]/DIV[1]/DIV[1]/DIV[2]/DIV[1]/DIV[2]/DIV[2]/A[1]","https://www.facebook.com/"
"facebook.com","HTML/BODY/DIV[1]/DIV[2]/DIV[1]/DIV[1]/DIV[1]/DIV[1]/DIV[1]/DIV[2]/DIV[2]/DIV[1]/DIV[1]/DIV[1]/FORM[1]/DIV[2]/DIV[1]/DIV[1]/DIV[1]/DIV[2]/DIV[1]/DIV[2]/DIV[2]/A[2]","https://www.facebook.com/"
"facebook.com","HTML/BODY/DIV[1]/DIV[2]/DIV[1]/DIV[1]/DIV[1]/DIV[1]/DIV[1]/DIV[2]/DIV[2]/DIV[1]/DIV[1]/DIV[1]/FORM[1]/DIV[2]/DIV[1]/DIV[1]/DIV[1]/DIV[2]/DIV[1]/SPAN[1]","https://www.facebook.com/"
"facebook.com","HTML/BODY/DIV[1]/DIV[2]/DIV[1]/DIV[1]/DIV[1]/DIV[1]/DIV[1]/DIV[2]/DIV[2]/DIV[1]/DIV[1]/DIV[1]/FORM[1]/DIV[2]/DIV[1]/DIV[1]/DIV[1]/DIV[2]/DIV[1]/DIV[3]","https://www.facebook.com/"
"facebook.com","HTML/BODY/DIV[1]/DIV[2]/DIV[1]/DIV[1]/DIV[1]/DIV[1]/DIV[1]/DIV[2]/DIV[2]/DIV[1]/DIV[1]/DIV[1]/FORM[1]/DIV[2]/DIV[1]/DIV[1]/DIV[1]/DIV[2]/DIV[1]/DIV[4]","https://www.facebook.com/"
"facebook.com","HTML/BODY/DIV[1]/DIV[2]/DIV[1]/DIV[1]/DIV[1]/DIV[1]/DIV[1]/DIV[2]/DIV[2]/DIV[1]/DIV[1]/DIV[1]/FORM[1]/DIV[2]/DIV[1]/DIV[1]/DIV[1]/DIV[2]/DIV[1]/DIV[5]","https://www.facebook.com/"
"facebook.com","HTML/BODY/DIV[1]/DIV[2]/DIV[1]/DIV[1]/DIV[1]/DIV[1]/DIV[1]/DIV[2]/DIV[2]/DIV[1]/DIV[1]/DIV[1]/FORM[1]/DIV[2]/DIV[1]/DIV[1]/DIV[1]/DIV[2]/DIV[1]/DIV[5]/IMG[1]","https://www.facebook.com/"
"facebook.com","HTML/BODY/DIV[1]/DIV[2]/DIV[1]/DIV[1]/DIV[1]/DIV[1]/DIV[1]/DIV[2]/DIV[2]/DIV[1]/DIV[1]/DIV[1]/FORM[1]/DIV[2]/DIV[1]/DIV[1]/DIV[1]/DIV[2]/DIV[2]","https://www.facebook.com/"
"facebook.com","HTML/BODY/DIV[1]/DIV[2]/DIV[1]/DIV[1]/DIV[1]/DIV[1]/DIV[1]/DIV[2]/DIV[2]/DIV[1]/DIV[1]/DIV[1]/FORM[1]/DIV[2]/DIV[1]/DIV[1]/DIV[1]/DIV[2]/DIV[2]/LABEL[1]","https://www.facebook.com/"
"facebook.com","HTML/BODY/DIV[1]/DIV[2]/DIV[1]/DIV[1]/DIV[1]/DIV[1]/DIV[1]/DIV[2]/DIV[2]/DIV[1]/DIV[1]/DIV[1]/FORM[1]/DIV[2]/DIV[1]/DIV[1]/DIV[1]/DIV[2]/DIV[2]/DIV[1]","https://www.facebook.com/"
"facebook.com","HTML/BODY/DIV[1]/DIV[2]/DIV[1]/DIV[1]/DIV[1]/DIV[1]/DIV[1]/DIV[2]/DIV[2]/DIV[1]/DIV[1]/DIV[1]/FORM[1]/DIV[2]/DIV[1]/DIV[1]/DIV[1]/DIV[2]/DIV[2]/DIV[1]/INPUT[1]","https://www.facebook.com/"
"facebook.com","HTML/BODY/DIV[1]/DIV[2]/DIV[1]/DIV[1]/DIV[1]/DIV[1]/DIV[1]/DIV[2]/DIV[2]/DIV[1]/DIV[1]/DIV[1]/FORM[1]/DIV[2]/DIV[1]/DIV[1]/DIV[1]/DIV[2]/DIV[2]/A[1]","https://www.facebook.com/"
"facebook.com","HTML/BODY/DIV[1]/DIV[2]/DIV[1]/DIV[1]/DIV[1]/DIV[1]/DIV[1]/DIV[2]/DIV[2]/DIV[1]/DIV[1]/DIV[1]/FORM[1]/DIV[2]/DIV[1]/DIV[1]/DIV[1]/DIV[2]/DIV[2]/DIV[2]","https://www.facebook.com/"
"facebook.com","HTML/BODY/DIV[1]/DIV[2]/DIV[1]/DIV[1]/DIV[1]/DIV[1]/DIV[1]/DIV[2]/DIV[2]/DIV[1]/DIV[1]/DIV[1]/FORM[1]/DIV[2]/DIV[1]/DIV[1]/DIV[1]/DIV[2]/DIV[2]/DIV[2]/DIV[1]","https://www.facebook.com/"
"facebook.com","HTML/BODY/DIV[1]/DIV[2]/DIV[1]/DIV[1]/DIV[1]/DIV[1]/DIV[1]/DIV[2]/DIV[2]/DIV[1]/DIV[1]/DIV[1]/FORM[1]/DIV[2]/DIV[1]/DIV[2]","https://www.facebook.com/"
"facebook.com","HTML/BODY/DIV[1]/DIV[2]/DIV[1]/DIV[1]/DIV[1]/DIV[1]/DIV[1]/DIV[2]/DIV[2]/DIV[1]/DIV[1]/DIV[1]/FORM[1]/DIV[2]/DIV[1]/DIV[2]/DIV[1]","https://www.facebook.com/"
"facebook.com","HTML/BODY/DIV[1]/DIV[2]/DIV[1]/DIV[1]/DIV[1]/DIV[1]/DIV[1]/DIV[2]/DIV[2]/DIV[1]/DIV[1]/DIV[1]/FORM[1]/DIV[2]/DIV[1]/DIV[2]/DIV[1]/DIV[1]","https://www.facebook.com/"
"facebook.com","HTML/BODY/DIV[1]/DIV[2]/DIV[1]/DIV[1]/DIV[1]/DIV[1]/DIV[1]/DIV[2]/DIV[2]/DIV[1]/DIV[1]/DIV[1]/FORM[1]/DIV[2]/DIV[1]/DIV[2]/DIV[1]/A[1]","https://www.facebook.com/"
"facebook.com","HTML/BODY/DIV[1]/DIV[2]/DIV[1]/DIV[1]/DIV[1]/DIV[1]/DIV[1]/DIV[2]/DIV[2]/DIV[1]/DIV[1]/DIV[1]/FORM[1]/DIV[2]/DIV[1]/DIV[2]/DIV[2]","https://www.facebook.com/"
"facebook.com","HTML/BODY/DIV[1]/DIV[2]/DIV[1]/DIV[1]/DIV[1]/DIV[1]/DIV[1]/DIV[2]/DIV[2]/DIV[1]/DIV[1]/DIV[1]/FORM[1]/DIV[2]/DIV[1]/DIV[2]/DIV[2]/DIV[1]","https://www.facebook.com/"
"facebook.com","HTML/BODY/DIV[1]/DIV[2]/DIV[1]/DIV[1]/DIV[1]/DIV[1]/DIV[1]/DIV[2]/DIV[2]/DIV[1]/DIV[1]/DIV[1]/FORM[1]/DIV[2]/DIV[1]/DIV[2]/DIV[2]/DIV[1]/BUTTON[1]","https://www.facebook.com/"
"facebook.com","HTML/BODY/DIV[1]/DIV[2]/DIV[1]/DIV[1]/DIV[1]/DIV[1]/DIV[1]/DIV[2]/DIV[2]/DIV[1]/DIV[1]/DIV[1]/FORM[1]/DIV[2]/DIV[1]/DIV[2]/DIV[2]/DIV[1]/SPAN[1]","https://www.facebook.com/"
"facebook.com","HTML/BODY/DIV[1]/DIV[2]/DIV[1]/DIV[1]/DIV[1]/DIV[1]/DIV[1]/DIV[2]/DIV[2]/DIV[1]/DIV[1]/DIV[1]/FORM[1]/DIV[2]/DIV[1]/DIV[2]/DIV[2]/DIV[1]/SPAN[1]/IMG[1]","https://www.facebook.com/"
"facebook.com","HTML/BODY/DIV[1]/DIV[2]/DIV[1]/DIV[1]/DIV[1]/DIV[1]/DIV[1]/DIV[2]/DIV[2]/DIV[1]/DIV[1]/DIV[1]/DIV[1]","https://www.facebook.com/"
"facebook.com","HTML/BODY/DIV[1]/DIV[2]/DIV[1]/DIV[1]/DIV[1]/DIV[1]/DIV[1]/DIV[2]/DIV[2]/DIV[1]/DIV[1]/DIV[1]/DIV[1]/DIV[1]","https://www.facebook.com/"
"facebook.com","HTML/BODY/DIV[1]/DIV[2]/DIV[1]/DIV[1]/DIV[1]/DIV[1]/DIV[1]/DIV[2]/DIV[2]/DIV[1]/DIV[1]/DIV[1]/DIV[2]","https://www.facebook.com/"
"facebook.com","HTML/BODY/DIV[1]/DIV[2]/DIV[1]/DIV[1]/DIV[1]/DIV[1]/DIV[1]/DIV[2]/DIV[2]/DIV[1]/DIV[1]/DIV[1]/DIV[2]/A[1]","https://www.facebook.com/"
"facebook.com","HTML/BODY/DIV[1]/DIV[2]/DIV[1]/DIV[1]/DIV[2]","https://www.facebook.com/"
"facebook.com","HTML/BODY/DIV[1]/DIV[2]/DIV[1]/DIV[1]/DIV[2]/UL[1]","https://www.facebook.com/"
"facebook.com","HTML/BODY/DIV[1]/DIV[2]/DIV[1]/DIV[1]/DIV[2]/UL[1]/LI[1]","https://www.facebook.com/"
"facebook.com","HTML/BODY/DIV[1]/DIV[2]/DIV[1]/DIV[1]/DIV[2]/UL[1]/LI[1]/A[1]","https://www.facebook.com/"
"facebook.com","HTML/BODY/DIV[1]/DIV[2]/DIV[1]/DIV[1]/DIV[2]/UL[1]/LI[2]","https://www.facebook.com/"
"facebook.com","HTML/BODY/DIV[1]/DIV[2]/DIV[1]/DIV[1]/DIV[2]/UL[1]/LI[2]/A[1]","https://www.facebook.com/"
"facebook.com","HTML/BODY/DIV[1]/DIV[2]/DIV[1]/DIV[1]/DIV[2]/UL[1]/LI[3]","https://www.facebook.com/"
"facebook.com","HTML/BODY/DIV[1]/DIV[2]/DIV[1]/DIV[1]/DIV[2]/UL[1]/LI[3]/A[1]","https://www.facebook.com/"
"facebook.com","HTML/BODY/DIV[1]/DIV[2]/DIV[1]/DIV[1]/DIV[2]/UL[1]/LI[4]","https://www.facebook.com/"
"facebook.com","HTML/BODY/DIV[1]/DIV[2]/DIV[1]/DIV[1]/DIV[2]/UL[1]/LI[4]/A[1]","https://www.facebook.com/"
"facebook.com","HTML/BODY/DIV[1]/DIV[2]/DIV[1]/DIV[1]/DIV[2]/UL[1]/LI[5]","https://www.facebook.com/"
"facebook.com","HTML/BODY/DIV[1]/DIV[2]/DIV[1]/DIV[1]/DIV[2]/UL[1]/LI[5]/A[1]","https://www.facebook.com/"
"facebook.com","HTML/BODY/DIV[1]/DIV[2]/DIV[1]/DIV[1]/DIV[2]/UL[1]/LI[6]","https://www.facebook.com/"
"facebook.com","HTML/BODY/DIV[1]/DIV[2]/DIV[1]/DIV[1]/DIV[2]/UL[1]/LI[6]/A[1]","https://www.facebook.com/"
"facebook.com","HTML/BODY/DIV[1]/DIV[2]/DIV[1]/DIV[1]/DIV[2]/UL[1]/LI[7]","https://www.facebook.com/"
"facebook.com","HTML/BODY/DIV[1]/DIV[2]/DIV[1]/DIV[1]/DIV[2]/UL[1]/LI[7]/A[1]","https://www.facebook.com/"
"facebook.com","HTML/BODY/DIV[1]/DIV[2]/DIV[1]/DIV[1]/DIV[2]/UL[1]/LI[8]","https://www.facebook.com/"
"facebook.com","HTML/BODY/DIV[1]/DIV[2]/DIV[1]/DIV[1]/DIV[2]/UL[1]/LI[8]/A[1]","https://www.facebook.com/"
"facebook.com","HTML/BODY/DIV[1]/DIV[2]/DIV[1]/DIV[1]/DIV[2]/UL[1]/LI[9]","https://www.facebook.com/"
"facebook.com","HTML/BODY/DIV[1]/DIV[2]/DIV[1]/DIV[1]/DIV[2]/UL[1]/LI[9]/A[1]","https://www.facebook.com/"
"facebook.com","HTML/BODY/DIV[1]/DIV[2]/DIV[1]/DIV[1]/DIV[2]/UL[1]/LI[10]","https://www.facebook.com/"
"facebook.com","HTML/BODY/DIV[1]/DIV[2]/DIV[1]/DIV[1]/DIV[2]/UL[1]/LI[10]/A[1]","https://www.facebook.com/"
"facebook.com","HTML/BODY/DIV[1]/DIV[2]/DIV[1]/DIV[1]/DIV[2]/UL[1]/LI[11]","https://www.facebook.com/"
"facebook.com","HTML/BODY/DIV[1]/DIV[2]/DIV[1]/DIV[1]/DIV[2]/UL[1]/LI[11]/A[1]","https://www.facebook.com/"
"facebook.com","HTML/BODY/DIV[1]/DIV[2]/DIV[2]","https://www.facebook.com/"
"facebook.com","HTML/BODY/DIV[1]/DIV[2]/DIV[2]/DIV[1]","https://www.facebook.com/"
"facebook.com","HTML/BODY/DIV[1]/DIV[2]/DIV[2]/DIV[2]","https://www.facebook.com/"
"facebook.com","HTML/BODY/DIV[1]/DIV[2]/DIV[2]/DIV[2]/TABLE[1]","https://www.facebook.com/"
"facebook.com","HTML/BODY/DIV[1]/DIV[2]/DIV[2]/DIV[2]/TABLE[1]/TBODY[1]","https://www.facebook.com/"
"facebook.com","HTML/BODY/DIV[1]/DIV[2]/DIV[2]/DIV[2]/TABLE[1]/TBODY[1]/TR[1]","https://www.facebook.com/"
"facebook.com","HTML/BODY/DIV[1]/DIV[2]/DIV[2]/DIV[2]/TABLE[1]/TBODY[1]/TR[1]/TD[1]","https://www.facebook.com/"
"facebook.com","HTML/BODY/DIV[1]/DIV[2]/DIV[2]/DIV[2]/TABLE[1]/TBODY[1]/TR[1]/TD[1]/A[1]","https://www.facebook.com/"
"facebook.com","HTML/BODY/DIV[1]/DIV[2]/DIV[2]/DIV[2]/TABLE[1]/TBODY[1]/TR[1]/TD[2]","https://www.facebook.com/"
"facebook.com","HTML/BODY/DIV[1]/DIV[2]/DIV[2]/DIV[2]/TABLE[1]/TBODY[1]/TR[1]/TD[2]/A[1]","https://www.facebook.com/"
"facebook.com","HTML/BODY/DIV[1]/DIV[2]/DIV[2]/DIV[2]/TABLE[1]/TBODY[1]/TR[1]/TD[3]","https://www.facebook.com/"
"facebook.com","HTML/BODY/DIV[1]/DIV[2]/DIV[2]/DIV[2]/TABLE[1]/TBODY[1]/TR[1]/TD[3]/A[1]","https://www.facebook.com/"
"facebook.com","HTML/BODY/DIV[1]/DIV[2]/DIV[2]/DIV[2]/TABLE[1]/TBODY[1]/TR[1]/TD[4]","https://www.facebook.com/"
"facebook.com","HTML/BODY/DIV[1]/DIV[2]/DIV[2]/DIV[2]/TABLE[1]/TBODY[1]/TR[1]/TD[4]/A[1]","https://www.facebook.com/"
"facebook.com","HTML/BODY/DIV[1]/DIV[2]/DIV[2]/DIV[2]/TABLE[1]/TBODY[1]/TR[1]/TD[5]","https://www.facebook.com/"
"facebook.com","HTML/BODY/DIV[1]/DIV[2]/DIV[2]/DIV[2]/TABLE[1]/TBODY[1]/TR[1]/TD[5]/A[1]","https://www.facebook.com/"
"facebook.com","HTML/BODY/DIV[1]/DIV[2]/DIV[2]/DIV[2]/TABLE[1]/TBODY[1]/TR[1]/TD[6]","https://www.facebook.com/"
"facebook.com","HTML/BODY/DIV[1]/DIV[2]/DIV[2]/DIV[2]/TABLE[1]/TBODY[1]/TR[1]/TD[6]/A[1]","https://www.facebook.com/"
"facebook.com","HTML/BODY/DIV[1]/DIV[2]/DIV[2]/DIV[2]/TABLE[1]/TBODY[1]/TR[1]/TD[7]","https://www.facebook.com/"
"facebook.com","HTML/BODY/DIV[1]/DIV[2]/DIV[2]/DIV[2]/TABLE[1]/TBODY[1]/TR[1]/TD[7]/A[1]","https://www.facebook.com/"
"facebook.com","HTML/BODY/DIV[1]/DIV[2]/DIV[2]/DIV[2]/TABLE[1]/TBODY[1]/TR[1]/TD[8]","https://www.facebook.com/"
"facebook.com","HTML/BODY/DIV[1]/DIV[2]/DIV[2]/DIV[2]/TABLE[1]/TBODY[1]/TR[1]/TD[8]/A[1]","https://www.facebook.com/"
"facebook.com","HTML/BODY/DIV[1]/DIV[2]/DIV[2]/DIV[2]/TABLE[1]/TBODY[1]/TR[1]/TD[9]","https://www.facebook.com/"
"facebook.com","HTML/BODY/DIV[1]/DIV[2]/DIV[2]/DIV[2]/TABLE[1]/TBODY[1]/TR[1]/TD[9]/A[1]","https://www.facebook.com/"
"facebook.com","HTML/BODY/DIV[1]/DIV[2]/DIV[2]/DIV[2]/TABLE[1]/TBODY[1]/TR[2]","https://www.facebook.com/"
"facebook.com","HTML/BODY/DIV[1]/DIV[2]/DIV[2]/DIV[2]/TABLE[1]/TBODY[1]/TR[2]/TD[1]","https://www.facebook.com/"
"facebook.com","HTML/BODY/DIV[1]/DIV[2]/DIV[2]/DIV[2]/TABLE[1]/TBODY[1]/TR[2]/TD[1]/A[1]","https://www.facebook.com/"
"facebook.com","HTML/BODY/DIV[1]/DIV[2]/DIV[2]/DIV[2]/TABLE[1]/TBODY[1]/TR[2]/TD[2]","https://www.facebook.com/"
"facebook.com","HTML/BODY/DIV[1]/DIV[2]/DIV[2]/DIV[2]/TABLE[1]/TBODY[1]/TR[2]/TD[2]/A[1]","https://www.facebook.com/"
"facebook.com","HTML/BODY/DIV[1]/DIV[2]/DIV[2]/DIV[2]/TABLE[1]/TBODY[1]/TR[2]/TD[3]","https://www.facebook.com/"
"facebook.com","HTML/BODY/DIV[1]/DIV[2]/DIV[2]/DIV[2]/TABLE[1]/TBODY[1]/TR[2]/TD[3]/A[1]","https://www.facebook.com/"
"facebook.com","HTML/BODY/DIV[1]/DIV[2]/DIV[2]/DIV[2]/TABLE[1]/TBODY[1]/TR[2]/TD[4]","https://www.facebook.com/"
"facebook.com","HTML/BODY/DIV[1]/DIV[2]/DIV[2]/DIV[2]/TABLE[1]/TBODY[1]/TR[2]/TD[4]/A[1]","https://www.facebook.com/"
"facebook.com","HTML/BODY/DIV[1]/DIV[2]/DIV[2]/DIV[2]/TABLE[1]/TBODY[1]/TR[2]/TD[5]","https://www.facebook.com/"
"facebook.com","HTML/BODY/DIV[1]/DIV[2]/DIV[2]/DIV[2]/TABLE[1]/TBODY[1]/TR[2]/TD[5]/A[1]","https://www.facebook.com/"
"facebook.com","HTML/BODY/DIV[1]/DIV[2]/DIV[2]/DIV[2]/TABLE[1]/TBODY[1]/TR[2]/TD[6]","https://www.facebook.com/"
"facebook.com","HTML/BODY/DIV[1]/DIV[2]/DIV[2]/DIV[2]/TABLE[1]/TBODY[1]/TR[2]/TD[6]/A[1]","https://www.facebook.com/"
"facebook.com","HTML/BODY/DIV[1]/DIV[2]/DIV[2]/DIV[2]/TABLE[1]/TBODY[1]/TR[2]/TD[7]","https://www.facebook.com/"
"facebook.com","HTML/BODY/DIV[1]/DIV[2]/DIV[2]/DIV[2]/TABLE[1]/TBODY[1]/TR[2]/TD[7]/A[1]","https://www.facebook.com/"
"facebook.com","HTML/BODY/DIV[1]/DIV[2]/DIV[2]/DIV[2]/TABLE[1]/TBODY[1]/TR[2]/TD[8]","https://www.facebook.com/"
"facebook.com","HTML/BODY/DIV[1]/DIV[2]/DIV[2]/DIV[2]/TABLE[1]/TBODY[1]/TR[2]/TD[8]/A[1]","https://www.facebook.com/"
"facebook.com","HTML/BODY/DIV[1]/DIV[2]/DIV[2]/DIV[2]/TABLE[1]/TBODY[1]/TR[2]/TD[9]","https://www.facebook.com/"
"facebook.com","HTML/BODY/DIV[1]/DIV[2]/DIV[2]/DIV[2]/TABLE[1]/TBODY[1]/TR[2]/TD[9]/A[1]","https://www.facebook.com/"
"facebook.com","HTML/BODY/DIV[1]/DIV[2]/DIV[2]/DIV[3]","https://www.facebook.com/"
"facebook.com","HTML/BODY/DIV[1]/DIV[2]/DIV[2]/DIV[3]/DIV[1]","https://www.facebook.com/"
"facebook.com","HTML/BODY/DIV[1]/DIV[2]/DIV[2]/DIV[3]/DIV[1]/SPAN[1]","https://www.facebook.com/"
"facebook.com","HTML/BODY/DIV[1]/DIV[2]/DIV[2]/DIV[3]/DIV[1]/A[1]","https://www.facebook.com/"
"facebook.com","HTML/BODY/SCRIPT[1]","https://www.facebook.com/"
"facebook.com","HTML/BODY/SCRIPT[2]","https://www.facebook.com/"
"facebook.com","HTML/BODY/SCRIPT[3]","https://www.facebook.com/"
"facebook.com","HTML/BODY/SCRIPT[4]","https://www.facebook.com/"
"facebook.com","HTML/BODY/SCRIPT[5]","https://www.facebook.com/"
"facebook.com","HTML/BODY/SCRIPT[6]","https://www.facebook.com/"
"facebook.com","HTML/BODY/SCRIPT[7]","https://www.facebook.com/"
